SpectrumID	#Scan#	SpectrumFile	LibraryName	MQScore	TIC_Query	RT_Query	MZErrorPPM	SharedPeaks	MassDiff	SpecMZ	SpecCharge	FileScanUniqueID	NumberHits	Compound_Name	Ion_Source	Instrument	Compound_Source	PI	Data_Collector	Adduct	Precursor_MZ	ExactMass	Charge	CAS_Number	Pubmed_ID	Smiles	INCHI	INCHI_AUX	Library_Class	IonMode	Organism	LibMZ	UpdateWorkflowName	LibraryQualityString	tags	molecular_formula	InChIKey	InChIKey-Planar	superclass	class	subclass	npclassifier_superclass	npclassifier_class	npclassifier_pathway	library_usi
CCMSLIB00012351455	4005	spectra_filtered.mgf	MSNLIB-NEGATIVE.mgf	0.994461	238087.0	0	2.97375	7	0.000473022	159.066	-1	temp/spectra_filtered.mgf4005	1	pimelic acid	ESI	Orbitrap	Crude	Tomas Pluskal	Corinna Brungs	[M-H]-	159.066	160.074	1	N/A	N/A	O=C(O)CCCCCC(=O)O	InChI=1S/C7H12O4/c8-6(9)4-2-1-3-5-7(10)11/h1-5H2,(H,8,9)(H,10,11)	WLJVNTCWHIRURA-UHFFFAOYSA-N	1	Negative	MSNLIB-NEGATIVE	159.066	UPDATE-SINGLE-ANNOTATED-GOLD	Gold		C7H12O4	WLJVNTCWHIRURA-UHFFFAOYSA-N	WLJVNTCWHIRURA	Lipids and lipid-like molecules	Fatty Acyls	Fatty acids and conjugates	Fatty Acids and Conjugates	Dicarboxylic acids	Fatty acids	mzspec:GNPS:GNPS-LIBRARY:CCMSLIB00012351455
CCMSLIB00004702807	5750	spectra_filtered.mgf	MONA.mgf	0.992021	1201690.0	0	0.815551	7	0.000152588	187.098	-1	temp/spectra_filtered.mgf5750	1	AZELAIC ACID	N/A	ESI-QFT	isolated	MoNA	MoNA:VF-NPL-QEHF011744	[M-H]-	187.098	0.0	1	N/A	N/A	O=C(O)CCCCCCCC(=O)O	InChI=1S/C9H16O4/c10-8(11)6-4-2-1-3-5-7-9(12)13/h1-7H2,(H,10,11)(H,12,13)	N/A	3	negative	MONA	187.098	UPDATE-SINGLE-ANNOTATED-BRONZE	Bronze		C9H16O4	BDJRBEYXGGNYIS-UHFFFAOYSA-N	BDJRBEYXGGNYIS	Lipids and lipid-like molecules	Fatty Acyls	Fatty acids and conjugates	Fatty Acids and Conjugates	Dicarboxylic acids	Fatty acids	mzspec:GNPS:GNPS-LIBRARY:CCMSLIB00004702807
CCMSLIB00004691542	1225	spectra_filtered.mgf	MONA.mgf	0.985813	27135500.0	0	0.798806	7	0.000152588	191.02	-1	temp/spectra_filtered.mgf1225	1	Citric acid	N/A	ESI-QFT	isolated	MoNA	MoNA:VF-NPL-QEHF000479	[M-H]-	191.02	0.0	1	N/A	N/A	O=C(O)CC(O)(CC(=O)O)C(=O)O	InChI=1S/C6H8O7/c7-3(8)1-6(13,5(11)12)2-4(9)10/h13H,1-2H2,(H,7,8)(H,9,10)(H,11,12)	N/A	3	negative	MONA	191.02	UPDATE-SINGLE-ANNOTATED-BRONZE	Bronze		C6H8O7	KRKNYBCHXYNGOX-UHFFFAOYSA-N	KRKNYBCHXYNGOX	Organic acids and derivatives	Carboxylic acids and derivatives	Tricarboxylic acids and derivatives	Fatty Acids and Conjugates	Hydroxy fatty acids	Fatty acids	mzspec:GNPS:GNPS-LIBRARY:CCMSLIB00004691542
CCMSLIB00004691542	1625	spectra_filtered.mgf	MONA.mgf	0.982183	32040700.0	0	0.958567	7	0.000183105	191.02	-1	temp/spectra_filtered.mgf1625	1	Citric acid	N/A	ESI-QFT	isolated	MoNA	MoNA:VF-NPL-QEHF000479	[M-H]-	191.02	0.0	1	N/A	N/A	O=C(O)CC(O)(CC(=O)O)C(=O)O	InChI=1S/C6H8O7/c7-3(8)1-6(13,5(11)12)2-4(9)10/h13H,1-2H2,(H,7,8)(H,9,10)(H,11,12)	N/A	3	negative	MONA	191.02	UPDATE-SINGLE-ANNOTATED-BRONZE	Bronze		C6H8O7	KRKNYBCHXYNGOX-UHFFFAOYSA-N	KRKNYBCHXYNGOX	Organic acids and derivatives	Carboxylic acids and derivatives	Tricarboxylic acids and derivatives	Fatty Acids and Conjugates	Hydroxy fatty acids	Fatty acids	mzspec:GNPS:GNPS-LIBRARY:CCMSLIB00004691542
CCMSLIB00006112637	1831	spectra_filtered.mgf	BIRMINGHAM-UHPLC-MS-NEG.mgf	0.980764	2725550.0	0	29.747	7	0.00538635	181.067	-1	temp/spectra_filtered.mgf1831	1	Sorbitol - 40.0 eV	ESI	Orbitrap	Isolated	PI	Data Collector	M-H	181.072	0.0	1		N/A	C([C@H]([C@H]([C@@H]([C@H](CO)O)O)O)O)O	InChI=1S/C6H14O6/c7-1-3(9)5(11)6(12)4(10)2-8/h3-12H,1-2H2/t3-,4+,5-,6-/m1/s1	N/A	1	Negative	BIRMINGHAM-UHPLC-MS-NEG	181.072	UPDATE-SINGLE-ANNOTATED-GOLD	Gold		C6H14O6	FBPFZTCFMRRESA-JGWLITMVSA-N	FBPFZTCFMRRESA	Organic oxygen compounds	Organooxygen compounds	Carbohydrates and carbohydrate conjugates	Saccharides	Monosaccharides	Carbohydrates	mzspec:GNPS:GNPS-LIBRARY:CCMSLIB00006112637
CCMSLIB00006125282	4061	spectra_filtered.mgf	BIRMINGHAM-UHPLC-MS-NEG.mgf	0.975131	1033170.0	0	0.695943	7	0.000183105	263.104	-1	temp/spectra_filtered.mgf4061	1	Phenyl-Ac-Gln-OH - 40.0 eV	ESI	Orbitrap	Isolated	PI	Data Collector	Unknown	263.104	0.0	1		N/A		N/A	N/A	1	Negative	BIRMINGHAM-UHPLC-MS-NEG	263.104	UPDATE-SINGLE-ANNOTATED-GOLD	Gold		N/A	N/A	N/A	N/A	N/A	N/A	N/A	N/A	N/A	mzspec:GNPS:GNPS-LIBRARY:CCMSLIB00006125282
CCMSLIB00005719626	706	spectra_filtered.mgf	LDB_NEGATIVE.mgf	0.973593	35991100.0	0	1.47832	8	0.000335693	227.077	-1	temp/spectra_filtered.mgf706	1	D-Mannitol	LC-ESI	Orbitrap	Isolated	Jean-Luc WOLFENDER Pierre-Marie ALLARD	Damien OLIVIER	[M-H+HCOOH]	227.077	182.079	1	N/A	N/A	OC[C@@H](O)[C@@H](O)[C@H](O)[C@H](O)CO	"""InChI=1S/C6H14O6/c7-1-3(9)5(11)6(12)4(10)2-8/h3-12H,1-2H2/t3-,4-,5-,6-/m1/s1"""	N/A	3	Negative	LDB_NEGATIVE	227.077	UPDATE-SINGLE-ANNOTATED-BRONZE	Bronze		C6H14O6	FBPFZTCFMRRESA-KVTDHHQDSA-N	FBPFZTCFMRRESA	Organic oxygen compounds	Organooxygen compounds	Carbohydrates and carbohydrate conjugates	Saccharides	Monosaccharides	Carbohydrates	mzspec:GNPS:GNPS-LIBRARY:CCMSLIB00005719626
CCMSLIB00006113971	2921	spectra_filtered.mgf	BIRMINGHAM-UHPLC-MS-NEG.mgf	0.973335	629937.0	0	4.05735	7	0.000823975	203.083	-1	temp/spectra_filtered.mgf2921	1	3,4-dihydroxyphenylacetic acid - 40.0 eV	ESI	Orbitrap	Isolated	PI	Data Collector	M+Cl	203.082	0.0	1		N/A	c1cc(c(cc1CC(=O)O)O)O	InChI=1S/C8H8O4/c9-6-2-1-5(3-7(6)10)4-8(11)12/h1-3,9-10H,4H2,(H,11,12)	N/A	1	Negative	BIRMINGHAM-UHPLC-MS-NEG	203.082	UPDATE-SINGLE-ANNOTATED-GOLD	Gold		C8H8O4	CFFZDZCDUFSOFZ-UHFFFAOYSA-N	CFFZDZCDUFSOFZ	Benzenoids	Phenols	Benzenediols	Phenolic acids (C6-C1)	Simple phenolic acids	Shikimates and Phenylpropanoids	mzspec:GNPS:GNPS-LIBRARY:CCMSLIB00006113971
CCMSLIB00005719626	1989	spectra_filtered.mgf	LDB_NEGATIVE.mgf	0.97138	2410040.0	0	41.5275	8	0.00942993	227.068	-1	temp/spectra_filtered.mgf1989	1	D-Mannitol	LC-ESI	Orbitrap	Isolated	Jean-Luc WOLFENDER Pierre-Marie ALLARD	Damien OLIVIER	[M-H+HCOOH]	227.077	182.079	1	N/A	N/A	OC[C@@H](O)[C@@H](O)[C@H](O)[C@H](O)CO	"""InChI=1S/C6H14O6/c7-1-3(9)5(11)6(12)4(10)2-8/h3-12H,1-2H2/t3-,4-,5-,6-/m1/s1"""	N/A	3	Negative	LDB_NEGATIVE	227.077	UPDATE-SINGLE-ANNOTATED-BRONZE	Bronze		C6H14O6	FBPFZTCFMRRESA-KVTDHHQDSA-N	FBPFZTCFMRRESA	Organic oxygen compounds	Organooxygen compounds	Carbohydrates and carbohydrate conjugates	Saccharides	Monosaccharides	Carbohydrates	mzspec:GNPS:GNPS-LIBRARY:CCMSLIB00005719626
CCMSLIB00012433871	4396	spectra_filtered.mgf	MSNLIB-NEGATIVE.mgf	0.970706	1176500.0	0	3.13397	7	0.000915527	292.131	-1	temp/spectra_filtered.mgf4396	1	CHEBI:181495	ESI	Orbitrap	Isolated	Tomas Pluskal	Corinna Brungs	[M-H]-	292.13	293.138	1	N/A	N/A	NC(=O)NCCCC(NC(=O)Cc1ccccc1)C(=O)O	InChI=1S/C14H19N3O4/c15-14(21)16-8-4-7-11(13(19)20)17-12(18)9-10-5-2-1-3-6-10/h1-3,5-6,11H,4,7-9H2,(H,17,18)(H,19,20)(H3,15,16,21)	FTYZUGZNDHQHFV-UHFFFAOYSA-N	1	Negative	MSNLIB-NEGATIVE	292.13	UPDATE-SINGLE-ANNOTATED-GOLD	Gold		C14H19N3O4	FTYZUGZNDHQHFV-UHFFFAOYSA-N	FTYZUGZNDHQHFV	Organic acids and derivatives	Carboxylic acids and derivatives	Amino acids, peptides, and analogues	Small peptides	Dipeptides	Amino acids and Peptides	mzspec:GNPS:GNPS-LIBRARY:CCMSLIB00012433871
CCMSLIB00005719626	1393	spectra_filtered.mgf	LDB_NEGATIVE.mgf	0.97055	3565700.0	0	41.9306	8	0.00952148	227.067	-1	temp/spectra_filtered.mgf1393	1	D-Mannitol	LC-ESI	Orbitrap	Isolated	Jean-Luc WOLFENDER Pierre-Marie ALLARD	Damien OLIVIER	[M-H+HCOOH]	227.077	182.079	1	N/A	N/A	OC[C@@H](O)[C@@H](O)[C@H](O)[C@H](O)CO	"""InChI=1S/C6H14O6/c7-1-3(9)5(11)6(12)4(10)2-8/h3-12H,1-2H2/t3-,4-,5-,6-/m1/s1"""	N/A	3	Negative	LDB_NEGATIVE	227.077	UPDATE-SINGLE-ANNOTATED-BRONZE	Bronze		C6H14O6	FBPFZTCFMRRESA-KVTDHHQDSA-N	FBPFZTCFMRRESA	Organic oxygen compounds	Organooxygen compounds	Carbohydrates and carbohydrate conjugates	Saccharides	Monosaccharides	Carbohydrates	mzspec:GNPS:GNPS-LIBRARY:CCMSLIB00005719626
CCMSLIB00012339201	4900	spectra_filtered.mgf	MSNLIB-NEGATIVE.mgf	0.967878	3866680.0	0	1.15262	7	0.000198364	172.098	-1	temp/spectra_filtered.mgf4900	1	N-Acetyl-L-leucine	ESI	Orbitrap	Crude	Tomas Pluskal	Corinna Brungs	[M-H]-	172.098	173.105	1	N/A	N/A	CC(=O)N[C@@H](CC(C)C)C(=O)O	InChI=1S/C8H15NO3/c1-5(2)4-7(8(11)12)9-6(3)10/h5,7H,4H2,1-3H3,(H,9,10)(H,11,12)/t7-/m0/s1	WXNXCEHXYPACJF-ZETCQYMHSA-N	1	Negative	MSNLIB-NEGATIVE	172.098	UPDATE-SINGLE-ANNOTATED-GOLD	Gold		C8H15NO3	WXNXCEHXYPACJF-ZETCQYMHSA-N	WXNXCEHXYPACJF	Organic acids and derivatives	Carboxylic acids and derivatives	Amino acids, peptides, and analogues	Small peptides	Dipeptides	Amino acids and Peptides	mzspec:GNPS:GNPS-LIBRARY:CCMSLIB00012339201
CCMSLIB00006119706	6015	spectra_filtered.mgf	BIRMINGHAM-UHPLC-MS-NEG.mgf	0.967669	487448.0	0	3.43707	11	0.000869751	253.051	-1	temp/spectra_filtered.mgf6015	1	Daidzein - 40.0 eV	ESI	Orbitrap	Isolated	PI	Data Collector	M-H	253.05	0.0	1		N/A	c1cc(ccc1c2coc3cc(ccc3c2=O)O)O	InChI=1S/C15H10O4/c16-10-3-1-9(2-4-10)13-8-19-14-7-11(17)5-6-12(14)15(13)18/h1-8,16-17H	N/A	1	Negative	BIRMINGHAM-UHPLC-MS-NEG	253.05	UPDATE-SINGLE-ANNOTATED-GOLD	Gold		C15H10O4	ZQSIJRDFPHDXIC-UHFFFAOYSA-N	ZQSIJRDFPHDXIC	Phenylpropanoids and polyketides	Isoflavonoids	Isoflav-2-enes	Isoflavonoids	Isoflavones	Shikimates and Phenylpropanoids	mzspec:GNPS:GNPS-LIBRARY:CCMSLIB00006119706
CCMSLIB00010122867	4565	spectra_filtered.mgf	BERKELEY-LAB.mgf	0.966769	1523380.0	0	1.91931	11	0.00088501	461.11	-1	temp/spectra_filtered.mgf4565	1	Daidzin CollisionEnergy:205060	LC-ESI	Orbitrap	Commercial	Trent Northen	JGI	M+formate	461.109	0.0	1	N/A	N/A	O=c1c(-c2ccc(O)cc2)coc2cc(OC3OC(CO)C(O)C(O)C3O)ccc12	"""InChI=1S/C21H20O9/c22-8-16-18(25)19(26)20(27)21(30-16)29-12-5-6-13-15(7-12)28-9-14(17(13)24)10-1-3-11(23)4-2-10/h1-7,9,16,18-23,25-27H,8H2"""	N/A	3	Negative	BERKELEY-LAB	461.109	UPDATE-SINGLE-ANNOTATED-BRONZE	Bronze		C21H20O9	KYQZWONCHDNPDP-UHFFFAOYSA-N	KYQZWONCHDNPDP	Phenylpropanoids and polyketides	Isoflavonoids	Isoflavonoid O-glycosides	Isoflavonoids	Isoflavones	Shikimates and Phenylpropanoids	mzspec:GNPS:GNPS-LIBRARY:CCMSLIB00010122867
CCMSLIB00006123435	2595	spectra_filtered.mgf	BIRMINGHAM-UHPLC-MS-NEG.mgf	0.966542	2081410.0	0	2.51861	6	0.000549316	218.104	-1	temp/spectra_filtered.mgf2595	1	D-PANTOTHENIC ACID - 40.0 eV	ESI	Orbitrap	Isolated	PI	Data Collector	M-H	218.103	0.0	1		N/A	CC(C)(CO)[C@H](C(=O)NCCC(=O)O)O	InChI=1S/C9H17NO5/c1-9(2,5-11)7(14)8(15)10-4-3-6(12)13/h7,11,14H,3-5H2,1-2H3,(H,10,15)(H,12,13)/t7-/m0/s1	N/A	1	Negative	BIRMINGHAM-UHPLC-MS-NEG	218.103	UPDATE-SINGLE-ANNOTATED-GOLD	Gold		C9H17NO5	GHOKWGTUZJEAQD-ZETCQYMHSA-N	GHOKWGTUZJEAQD	Organic oxygen compounds	Organooxygen compounds	Alcohols and polyols	Small peptides	Dipeptides	Amino acids and Peptides	mzspec:GNPS:GNPS-LIBRARY:CCMSLIB00006123435
CCMSLIB00012339201	4680	spectra_filtered.mgf	MSNLIB-NEGATIVE.mgf	0.964374	878004.0	0	1.24129	6	0.000213623	172.098	-1	temp/spectra_filtered.mgf4680	1	N-Acetyl-L-leucine	ESI	Orbitrap	Crude	Tomas Pluskal	Corinna Brungs	[M-H]-	172.098	173.105	1	N/A	N/A	CC(=O)N[C@@H](CC(C)C)C(=O)O	InChI=1S/C8H15NO3/c1-5(2)4-7(8(11)12)9-6(3)10/h5,7H,4H2,1-3H3,(H,9,10)(H,11,12)/t7-/m0/s1	WXNXCEHXYPACJF-ZETCQYMHSA-N	1	Negative	MSNLIB-NEGATIVE	172.098	UPDATE-SINGLE-ANNOTATED-GOLD	Gold		C8H15NO3	WXNXCEHXYPACJF-ZETCQYMHSA-N	WXNXCEHXYPACJF	Organic acids and derivatives	Carboxylic acids and derivatives	Amino acids, peptides, and analogues	Small peptides	Dipeptides	Amino acids and Peptides	mzspec:GNPS:GNPS-LIBRARY:CCMSLIB00012339201
CCMSLIB00004708654	5585	spectra_filtered.mgf	MONA.mgf	0.961193	2084260.0	0	0.589626	7	0.00012207	207.03	-1	temp/spectra_filtered.mgf5585	1	3-[(1-Carboxyvinyl)oxy]benzoic acid	N/A	ESI-QFT	isolated	MoNA	MoNA:VF-NPL-QEHF017591	[M-H]-	207.03	0.0	1	N/A	N/A	C=C(Oc1cccc(C(=O)O)c1)C(=O)O	InChI=1S/C10H8O5/c1-6(9(11)12)15-8-4-2-3-7(5-8)10(13)14/h2-5H,1H2,(H,11,12)(H,13,14)	N/A	3	negative	MONA	207.03	UPDATE-SINGLE-ANNOTATED-BRONZE	Bronze		C10H8O5	HGVAHYJMDVROLE-UHFFFAOYSA-N	HGVAHYJMDVROLE	Benzenoids	Benzene and substituted derivatives	Phenoxyacetic acid derivatives	Phenolic acids (C6-C1)	Simple phenolic acids	Shikimates and Phenylpropanoids	mzspec:GNPS:GNPS-LIBRARY:CCMSLIB00004708654
CCMSLIB00012421894	4515	spectra_filtered.mgf	MSNLIB-NEGATIVE.mgf	0.960793	1758380.0	0	3.2504	8	0.00134277	413.111	-1	temp/spectra_filtered.mgf4515	1	NCGC00347753-02_C19H18N4O7_9H-Purin-6-ol, 9-[1-(3-carboxyphenyl)-2,3-dideoxyheptodialdo-7,4-furanosyl]-	ESI	Orbitrap	Isolated	Tomas Pluskal	Corinna Brungs	[M-H]-	413.11	414.118	1	N/A	N/A	O=C(O)c1cccc(C(=O)CCC2OC(n3cnc4c3[nH]cnc4=O)C(O)C2O)c1	InChI=1S/C19H18N4O7/c24-11(9-2-1-3-10(6-9)19(28)29)4-5-12-14(25)15(26)18(30-12)23-8-22-13-16(23)20-7-21-17(13)27/h1-3,6-8,12,14-15,18,25-26H,4-5H2,(H,28,29)(H,20,21,27)	VEDWXCWBMDQNCV-UHFFFAOYSA-N	1	Negative	MSNLIB-NEGATIVE	413.11	UPDATE-SINGLE-ANNOTATED-GOLD	Gold		C19H18N4O7	VEDWXCWBMDQNCV-UHFFFAOYSA-N	VEDWXCWBMDQNCV	N/A	N/A	N/A	Nucleosides	Purine nucleos(t)ides	Carbohydrates	mzspec:GNPS:GNPS-LIBRARY:CCMSLIB00012421894
CCMSLIB00012353676	2966	spectra_filtered.mgf	MSNLIB-NEGATIVE.mgf	0.95698	215611.0	0	0.324505	6	7.62939e-05	235.109	-1	temp/spectra_filtered.mgf2966	1	Ala-phe	ESI	Orbitrap	Crude	Tomas Pluskal	Corinna Brungs	[M-H]-	235.109	236.116	1	N/A	N/A	C[C@H](N)C(=O)N[C@@H](Cc1ccccc1)C(=O)O	InChI=1S/C12H16N2O3/c1-8(13)11(15)14-10(12(16)17)7-9-5-3-2-4-6-9/h2-6,8,10H,7,13H2,1H3,(H,14,15)(H,16,17)/t8-,10-/m0/s1	OMNVYXHOSHNURL-WPRPVWTQSA-N	1	Negative	MSNLIB-NEGATIVE	235.109	UPDATE-SINGLE-ANNOTATED-GOLD	Gold		C12H16N2O3	OMNVYXHOSHNURL-WPRPVWTQSA-N	OMNVYXHOSHNURL	Organic acids and derivatives	Carboxylic acids and derivatives	Amino acids, peptides, and analogues	Small peptides	Dipeptides	Amino acids and Peptides	mzspec:GNPS:GNPS-LIBRARY:CCMSLIB00012353676
CCMSLIB00006124728	721	spectra_filtered.mgf	BIRMINGHAM-UHPLC-MS-NEG.mgf	0.956379	9183990.0	0	1.83055	9	0.000411987	225.062	-1	temp/spectra_filtered.mgf721	1	.alpha.-D-Glucopyranose - 40.0 eV	ESI	Orbitrap	Isolated	PI	Data Collector	Unknown	225.062	0.0	1		N/A	C([C@@H]1[C@H]([C@@H]([C@H]([C@H](O1)O)O)O)O)O	InChI=1S/C6H12O6/c7-1-2-3(8)4(9)5(10)6(11)12-2/h2-11H,1H2/t2-,3-,4+,5-,6+/m1/s1	N/A	1	Negative	BIRMINGHAM-UHPLC-MS-NEG	225.062	UPDATE-SINGLE-ANNOTATED-GOLD	Gold		C6H12O6	WQZGKKKJIJFFOK-DVKNGEFBSA-N	WQZGKKKJIJFFOK	Organic oxygen compounds	Organooxygen compounds	Carbohydrates and carbohydrate conjugates	Saccharides|Flavonoids	Disaccharides|Flavones|Monosaccharides|Polysaccharides	Carbohydrates|Shikimates and Phenylpropanoids	mzspec:GNPS:GNPS-LIBRARY:CCMSLIB00006124728
CCMSLIB00010121689	8746	spectra_filtered.mgf	BERKELEY-LAB.mgf	0.955716	3350750.0	0	2.00749	15	0.00109863	547.267	-1	temp/spectra_filtered.mgf8746	1	Antipiricullin CollisionEnergy:205060	LC-ESI	Orbitrap	Commercial	Trent Northen	JGI	M-H	547.266	0.0	1	N/A	N/A	CCCCCCC1C(=O)OC(C)C(N=C(O)c2cccc(N=CO)c2O)C(=O)OC(C)C1OC(=O)CC(C)C	"""InChI=1S/C28H40N2O9/c1-6-7-8-9-11-20-25(39-22(32)14-16(2)3)18(5)38-28(36)23(17(4)37-27(20)35)30-26(34)19-12-10-13-21(24(19)33)29-15-31/h10,12-13,15-18,20,23,25,33H,6-9,11,14H2,1-5H3,(H,29,31)(H,30,34)/t17-,18+,20-,23+,25+/m1/s1"""	N/A	3	Negative	BERKELEY-LAB	547.266	UPDATE-SINGLE-ANNOTATED-BRONZE	Bronze		C28H40N2O9	UIFFUZWRFRDZJC-UHFFFAOYSA-N	UIFFUZWRFRDZJC	Benzenoids	Benzene and substituted derivatives	Benzoic acids and derivatives	Macrolides		Polyketides	mzspec:GNPS:GNPS-LIBRARY:CCMSLIB00010121689
CCMSLIB00006118496	1875	spectra_filtered.mgf	BIRMINGHAM-UHPLC-MS-NEG.mgf	0.952724	345716.0	0	2.27191	6	0.000640869	282.085	-1	temp/spectra_filtered.mgf1875	1	Guanosine - 40.0 eV	ESI	Orbitrap	Isolated	PI	Data Collector	M-H	282.084	0.0	1		N/A	c1nc2c(=O)[nH]c(nc2n1[C@H]3[C@@H]([C@@H]([C@H](O3)CO)O)O)N	InChI=1S/C10H13N5O5/c11-10-13-7-4(8(19)14-10)12-2-15(7)9-6(18)5(17)3(1-16)20-9/h2-3,5-6,9,16-18H,1H2,(H3,11,13,14,19)/t3-,5-,6-,9-/m1/s1	N/A	1	Negative	BIRMINGHAM-UHPLC-MS-NEG	282.084	UPDATE-SINGLE-ANNOTATED-GOLD	Gold		C10H13N5O5	NYHBQMYGNKIUIF-UUOKFMHZSA-N	NYHBQMYGNKIUIF	N/A	N/A	N/A	Nucleosides	Purine nucleos(t)ides	Carbohydrates	mzspec:GNPS:GNPS-LIBRARY:CCMSLIB00006118496
CCMSLIB00006678681	883	spectra_filtered.mgf	MONA.mgf	0.945323	9778150.0	0	1.36349	6	0.000244141	179.056	-1	temp/spectra_filtered.mgf883	1	GLUCOSE	ESI	Orbitrap	isolated	MoNA	MoNA:MoNA038230	M-H	179.056	0.0	1	N/A	N/A	C([C@@H]1[C@H]([C@@H]([C@H](C(O)O1)O)O)O)O	"""InChI=1S/C6H12O6/c7-1-2-3(8)4(9)5(10)6(11)12-2/h2-11H,1H2/t2-,3-,4+,5-,6?/m1/s1"""	N/A	3	negative	MONA	179.056	UPDATE-SINGLE-ANNOTATED-BRONZE	Bronze		C6H12O6	WQZGKKKJIJFFOK-GASJEMHNSA-N	WQZGKKKJIJFFOK	Organic oxygen compounds	Organooxygen compounds	Carbohydrates and carbohydrate conjugates	Saccharides|Flavonoids	Disaccharides|Flavones|Monosaccharides|Polysaccharides	Carbohydrates|Shikimates and Phenylpropanoids	mzspec:GNPS:GNPS-LIBRARY:CCMSLIB00006678681
CCMSLIB00004708654	3154	spectra_filtered.mgf	MONA.mgf	0.944537	481166.0	0	0.810736	7	0.000167847	207.03	-1	temp/spectra_filtered.mgf3154	1	3-[(1-Carboxyvinyl)oxy]benzoic acid	N/A	ESI-QFT	isolated	MoNA	MoNA:VF-NPL-QEHF017591	[M-H]-	207.03	0.0	1	N/A	N/A	C=C(Oc1cccc(C(=O)O)c1)C(=O)O	InChI=1S/C10H8O5/c1-6(9(11)12)15-8-4-2-3-7(5-8)10(13)14/h2-5H,1H2,(H,11,12)(H,13,14)	N/A	3	negative	MONA	207.03	UPDATE-SINGLE-ANNOTATED-BRONZE	Bronze		C10H8O5	HGVAHYJMDVROLE-UHFFFAOYSA-N	HGVAHYJMDVROLE	Benzenoids	Benzene and substituted derivatives	Phenoxyacetic acid derivatives	Phenolic acids (C6-C1)	Simple phenolic acids	Shikimates and Phenylpropanoids	mzspec:GNPS:GNPS-LIBRARY:CCMSLIB00004708654
CCMSLIB00010124703	5218	spectra_filtered.mgf	BERKELEY-LAB.mgf	0.941874	965024.0	0	2.54845	12	0.00109863	431.099	-1	temp/spectra_filtered.mgf5218	1	Genistin CollisionEnergy:205060	LC-ESI	Orbitrap	Commercial	Trent Northen	JGI	M-H	431.098	0.0	1	N/A	N/A	O=c1c(-c2ccc(O)cc2)coc2cc(OC3OC(CO)C(O)C(O)C3O)cc(O)c12	"""InChI=1S/C21H20O10/c22-7-15-18(26)19(27)20(28)21(31-15)30-11-5-13(24)16-14(6-11)29-8-12(17(16)25)9-1-3-10(23)4-2-9/h1-6,8,15,18-24,26-28H,7H2/t15-,18-,19+,20-,21-/m1/s1"""	N/A	3	Negative	BERKELEY-LAB	431.098	UPDATE-SINGLE-ANNOTATED-BRONZE	Bronze		C21H20O10	ZCOLJUOHXJRHDI-UHFFFAOYSA-N	ZCOLJUOHXJRHDI	Phenylpropanoids and polyketides	Isoflavonoids	Isoflavonoid O-glycosides	Isoflavonoids	Isoflavones	Shikimates and Phenylpropanoids	mzspec:GNPS:GNPS-LIBRARY:CCMSLIB00010124703
CCMSLIB00004691878	5245	spectra_filtered.mgf	MONA.mgf	0.940778	2338060.0	0	2.88765	9	0.000595093	206.083	-1	temp/spectra_filtered.mgf5245	1	N-acetylphenylalanine	N/A	ESI-QFT	isolated	MoNA	MoNA:VF-NPL-QEHF000815	[M-H]-	206.082	0.0	1	N/A	N/A	CC(O)=NC(Cc1ccccc1)C(=O)O	InChI=1S/C11H13NO3/c1-8(13)12-10(11(14)15)7-9-5-3-2-4-6-9/h2-6,10H,7H2,1H3,(H,12,13)(H,14,15)	N/A	3	negative	MONA	206.082	UPDATE-SINGLE-ANNOTATED-BRONZE	Bronze		C11H13NO3	CBQJSKKFNMDLON-UHFFFAOYSA-N	CBQJSKKFNMDLON	Organic acids and derivatives	Carboxylic acids and derivatives	Amino acids, peptides, and analogues			Shikimates and Phenylpropanoids	mzspec:GNPS:GNPS-LIBRARY:CCMSLIB00004691878
CCMSLIB00006121846	3151	spectra_filtered.mgf	BIRMINGHAM-UHPLC-MS-NEG.mgf	0.934688	160700.0	0	2.12999	8	0.000473022	222.077	-1	temp/spectra_filtered.mgf3151	1	N-Aceyl-L-tyrosine - 40.0 eV	ESI	Orbitrap	Isolated	PI	Data Collector	M-H	222.077	0.0	1		N/A	CC(=O)N[C@@H](Cc1ccc(cc1)O)C(=O)O	InChI=1S/C11H13NO4/c1-7(13)12-10(11(15)16)6-8-2-4-9(14)5-3-8/h2-5,10,14H,6H2,1H3,(H,12,13)(H,15,16)/t10-/m0/s1	N/A	1	Negative	BIRMINGHAM-UHPLC-MS-NEG	222.077	UPDATE-SINGLE-ANNOTATED-GOLD	Gold		C11H13NO4	CAHKINHBCWCHCF-JTQLQIEISA-N	CAHKINHBCWCHCF	Organic acids and derivatives	Carboxylic acids and derivatives	Amino acids, peptides, and analogues	Small peptides	Dipeptides	Amino acids and Peptides	mzspec:GNPS:GNPS-LIBRARY:CCMSLIB00006121846
CCMSLIB00006125718	722	spectra_filtered.mgf	BIRMINGHAM-UHPLC-MS-NEG.mgf	0.928653	15401600.0	0	1.26133	10	0.000488281	387.115	-1	temp/spectra_filtered.mgf722	1	alpha,alpha-Trehalose - 40.0 eV	ESI	Orbitrap	Isolated	PI	Data Collector	Unknown	387.115	0.0	1		N/A	C([C@@H]1[C@H]([C@@H]([C@H]([C@H](O1)O[C@@H]2[C@@H]([C@H]([C@@H]([C@H](O2)CO)O)O)O)O)O)O)O	InChI=1S/C12H22O11/c13-1-3-5(15)7(17)9(19)11(21-3)23-12-10(20)8(18)6(16)4(2-14)22-12/h3-20H,1-2H2/t3-,4-,5-,6-,7+,8+,9-,10-,11-,12-/m1/s1	N/A	1	Negative	BIRMINGHAM-UHPLC-MS-NEG	387.115	UPDATE-SINGLE-ANNOTATED-GOLD	Gold		C12H22O11	HDTRYLNUVZCQOY-LIZSDCNHSA-N	HDTRYLNUVZCQOY	Organic oxygen compounds	Organooxygen compounds	Carbohydrates and carbohydrate conjugates	Saccharides	Disaccharides	Carbohydrates	mzspec:GNPS:GNPS-LIBRARY:CCMSLIB00006125718
CCMSLIB00012352173	2566	spectra_filtered.mgf	MSNLIB-NEGATIVE.mgf	0.927188	517640.0	0	3.26231	6	0.000656128	201.125	-1	temp/spectra_filtered.mgf2566	1	l-alanyl-l-leucine	ESI	Orbitrap	Crude	Tomas Pluskal	Corinna Brungs	[M-H]-	201.124	202.132	1	N/A	N/A	CC(C)C[C@H](NC(=O)[C@H](C)N)C(=O)O	InChI=1S/C9H18N2O3/c1-5(2)4-7(9(13)14)11-8(12)6(3)10/h5-7H,4,10H2,1-3H3,(H,11,12)(H,13,14)/t6-,7-/m0/s1	RDIKFPRVLJLMER-BQBZGAKWSA-N	1	Negative	MSNLIB-NEGATIVE	201.124	UPDATE-SINGLE-ANNOTATED-GOLD	Gold		C9H18N2O3	RDIKFPRVLJLMER-BQBZGAKWSA-N	RDIKFPRVLJLMER	Organic acids and derivatives	Carboxylic acids and derivatives	Amino acids, peptides, and analogues	Small peptides	Dipeptides	Amino acids and Peptides	mzspec:GNPS:GNPS-LIBRARY:CCMSLIB00012352173
CCMSLIB00010124702	5225	spectra_filtered.mgf	BERKELEY-LAB.mgf	0.926079	2703250.0	0	0.703606	12	0.000335693	477.104	-1	temp/spectra_filtered.mgf5225	1	Genistin CollisionEnergy:205060	LC-ESI	Orbitrap	Commercial	Trent Northen	JGI	M+formate	477.104	0.0	1	N/A	N/A	O=c1c(-c2ccc(O)cc2)coc2cc(OC3OC(CO)C(O)C(O)C3O)cc(O)c12	"""InChI=1S/C21H20O10/c22-7-15-18(26)19(27)20(28)21(31-15)30-11-5-13(24)16-14(6-11)29-8-12(17(16)25)9-1-3-10(23)4-2-9/h1-6,8,15,18-24,26-28H,7H2/t15-,18-,19+,20-,21-/m1/s1"""	N/A	3	Negative	BERKELEY-LAB	477.104	UPDATE-SINGLE-ANNOTATED-BRONZE	Bronze		C21H20O10	ZCOLJUOHXJRHDI-UHFFFAOYSA-N	ZCOLJUOHXJRHDI	Phenylpropanoids and polyketides	Isoflavonoids	Isoflavonoid O-glycosides	Isoflavonoids	Isoflavones	Shikimates and Phenylpropanoids	mzspec:GNPS:GNPS-LIBRARY:CCMSLIB00010124702
CCMSLIB00003137726	8099	spectra_filtered.mgf	GNPS-NIST14-MATCHES.mgf	0.925584	658419.0	0	0.337376	10	0.000152588	452.279	-1	temp/spectra_filtered.mgf8099	1	Spectral Match to 1-Palmitoyl-2-hydroxy-sn-glycero-3-phosphoethanolamine from NIST14	ESI	HCD	Isolated	Data from Kevin Bush	Data deposited by fevargas	M-H	452.279	0.0	1	53862354	N/A	N/A	N/A	N/A	3	Negative	GNPS-NIST14-MATCHES	452.279	UPDATE-SINGLE-ANNOTATED-BRONZE	Bronze		N/A	N/A	N/A	N/A	N/A	N/A	N/A	N/A	N/A	mzspec:GNPS:GNPS-LIBRARY:CCMSLIB00003137726
CCMSLIB00006682458	3661	spectra_filtered.mgf	MONA.mgf	0.924762	781598.0	0	2.44056	6	0.000427246	175.061	-1	temp/spectra_filtered.mgf3661	1	2-ISOPROPYLMALIC ACID	ESI	qTof	isolated	MoNA	MoNA:MoNA035379	M-H	175.061	0.0	1	N/A	N/A	CC(C)[C@@](CC(=O)O)(C(=O)O)O	"""InChI=1S/C7H12O5/c1-4(2)7(12,6(10)11)3-5(8)9/h4,12H,3H2,1-2H3,(H,8,9)(H,10,11)/t7-/m0/s1"""	N/A	3	negative	MONA	175.061	UPDATE-SINGLE-ANNOTATED-BRONZE	Bronze		C7H12O5	BITYXLXUCSKTJS-ZETCQYMHSA-N	BITYXLXUCSKTJS	Lipids and lipid-like molecules	Fatty Acyls	Fatty acids and conjugates	Fatty Acids and Conjugates	Dicarboxylic acids	Fatty acids	mzspec:GNPS:GNPS-LIBRARY:CCMSLIB00006682458
CCMSLIB00003137341	8251	spectra_filtered.mgf	GNPS-NIST14-MATCHES.mgf	0.923	437516.0	0	0.674751	9	0.000305176	452.279	-1	temp/spectra_filtered.mgf8251	1	Spectral Match to 1-Palmitoyl-2-hydroxy-sn-glycero-3-phosphoethanolamine from NIST14	ESI	qTof	Isolated	Data from Kevin Bush	Data deposited by fevargas	M-H	452.279	453.285	1	53862354	N/A	CCCCCCCCCCCCCCCC(=O)OC[C@H](COP(=O)(O)OCCN)O	InChI=1S/C21H44NO7P/c1-2-3-4-5-6-7-8-9-10-11-12-13-14-15-21(24)27-18-20(23)19-29-30(25,26)28-17-16-22/h20,23H,2-19,22H2,1H3,(H,25,26)/t20-/m1/s1	N/A	3	Negative	GNPS-NIST14-MATCHES	452.279	UPDATE-SINGLE-ANNOTATED-BRONZE	Bronze		C21H44NO7P	YVYMBNSKXOXSKW-HXUWFJFHSA-N	YVYMBNSKXOXSKW	Lipids and lipid-like molecules	Glycerophospholipids	Glycerophosphoethanolamines	Glycerophospholipids	Glycerophosphoethanolamines	Fatty acids	mzspec:GNPS:GNPS-LIBRARY:CCMSLIB00003137341
CCMSLIB00003139324	8190	spectra_filtered.mgf	GNPS-NIST14-MATCHES.mgf	0.921512	1808730.0	0	1.68688	6	0.000762939	452.279	-1	temp/spectra_filtered.mgf8190	1	Spectral Match to 1-Palmitoyl-2-hydroxy-sn-glycero-3-phosphoethanolamine from NIST14	ESI	qTof	Isolated	Data from Pieter Dorrestein	Data deposited by daniel	M-H	452.278	453.285	1	53862354	N/A	CCCCCCCCCCCCCCCC(=O)OC[C@H](COP(=O)(O)OCCN)O	InChI=1S/C21H44NO7P/c1-2-3-4-5-6-7-8-9-10-11-12-13-14-15-21(24)27-18-20(23)19-29-30(25,26)28-17-16-22/h20,23H,2-19,22H2,1H3,(H,25,26)/t20-/m1/s1	N/A	3	Negative	GNPS-NIST14-MATCHES	452.278	UPDATE-SINGLE-ANNOTATED-BRONZE	Bronze		C21H44NO7P	YVYMBNSKXOXSKW-HXUWFJFHSA-N	YVYMBNSKXOXSKW	Lipids and lipid-like molecules	Glycerophospholipids	Glycerophosphoethanolamines	Glycerophospholipids	Glycerophosphoethanolamines	Fatty acids	mzspec:GNPS:GNPS-LIBRARY:CCMSLIB00003139324
CCMSLIB00006684604	3087	spectra_filtered.mgf	MONA.mgf	0.919918	348824.0	0	0.109343	11	3.05176e-05	279.099	-1	temp/spectra_filtered.mgf3087	1	ASP-PHE	ESI	qTof	isolated	MoNA	MoNA:MoNA035590	M-H	279.099	0.0	1	N/A	N/A	C1=CC=C(C=C1)C[C@@H](C(=O)O)/N=C(/[C@H](CC(=O)O)N)\O	"""InChI=1S/C13H16N2O5/c14-9(7-11(16)17)12(18)15-10(13(19)20)6-8-4-2-1-3-5-8/h1-5,9-10H,6-7,14H2,(H,15,18)(H,16,17)(H,19,20)/t9-,10-/m0/s1"""	N/A	3	negative	MONA	279.099	UPDATE-SINGLE-ANNOTATED-BRONZE	Bronze		C13H16N2O5	YZQCXOFQZKCETR-UWVGGRQHSA-N	YZQCXOFQZKCETR	Organic acids and derivatives	Carboxylic acids and derivatives	Amino acids, peptides, and analogues	Small peptides	Aminoacids|Dipeptides	Amino acids and Peptides|Shikimates and Phenylpropanoids	mzspec:GNPS:GNPS-LIBRARY:CCMSLIB00006684604
CCMSLIB00012424159	4175	spectra_filtered.mgf	MSNLIB-NEGATIVE.mgf	0.91692	814163.0	0	2.12822	7	0.000823975	387.167	-1	temp/spectra_filtered.mgf4175	1	MEGxp0_000347	ESI	Orbitrap	Isolated	Tomas Pluskal	Corinna Brungs	[M-H]-	387.166	388.173	1	N/A	N/A	O=C(O)C[C@H]1CCC(=O)[C@@H]1C/C=C\CCOC1OC(CO)C(O)C(O)C1O	InChI=1S/C18H28O9/c19-9-13-15(23)16(24)17(25)18(27-13)26-7-3-1-2-4-11-10(8-14(21)22)5-6-12(11)20/h1-2,10-11,13,15-19,23-25H,3-9H2,(H,21,22)/b2-1-/t10-,11-,13?,15?,16?,17?,18?/m1/s1	JFDNMLUPLXZXGV-YAYCWVCRSA-N	1	Negative	MSNLIB-NEGATIVE	387.166	UPDATE-SINGLE-ANNOTATED-GOLD	Gold		C18H28O9	JFDNMLUPLXZXGV-YAYCWVCRSA-N	JFDNMLUPLXZXGV	Lipids and lipid-like molecules	Fatty Acyls	Fatty acyl glycosides	Fatty acyl glycosides	Fatty acyl glycosides of mono- and disaccharides	Fatty acids	mzspec:GNPS:GNPS-LIBRARY:CCMSLIB00012424159
CCMSLIB00013640343	5377	spectra_filtered.mgf	WINE-DB-QTOF.mgf	0.915567	312631.0	0	0.299094	6	6.10352e-05	204.067	-1	temp/spectra_filtered.mgf5377	1	Indole-3-lactic_acid_20EV	ESI	qTof	Commercial	Axel_Marchal	TE_MLS	M-H	204.067	205.21	1	832-97-3	N/A	O=C(O)C(O)CC1=CNC=2C=CC=CC21	InChI=1S/C11H11NO3/c13-10(11(14)15)5-7-6-12-9-4-2-1-3-8(7)9/h1-4,6,10,12-13H,5H2,(H,14,15)	N/A	1	Negative	WINE-DB-QTOF	204.067	UPDATE-SINGLE-ANNOTATED-GOLD	Gold		C11H11NO3	XGILAAMKEQUXLS-UHFFFAOYSA-N	XGILAAMKEQUXLS	Organoheterocyclic compounds	Indoles and derivatives	Indolyl carboxylic acids and derivatives	Tryptophan alkaloids	Simple indole alkaloids	Alkaloids	mzspec:GNPS:GNPS-LIBRARY:CCMSLIB00013640343
CCMSLIB00006126687	1154	spectra_filtered.mgf	BIRMINGHAM-UHPLC-MS-NEG.mgf	0.915535	1329570.0	0	3.09952	6	0.000579834	187.073	-1	temp/spectra_filtered.mgf1154	1	Aceglutamide - 40.0 eV	ESI	Orbitrap	Isolated	PI	Data Collector	M-H	187.072	0.0	1		N/A	CC(=O)N[C@@H](CCC(=O)N)C(=O)O	InChI=1S/C7H12N2O4/c1-4(10)9-5(7(12)13)2-3-6(8)11/h5H,2-3H2,1H3,(H2,8,11)(H,9,10)(H,12,13)/t5-/m0/s1	N/A	1	Negative	BIRMINGHAM-UHPLC-MS-NEG	187.072	UPDATE-SINGLE-ANNOTATED-GOLD	Gold		C7H12N2O4	KSMRODHGGIIXDV-YFKPBYRVSA-N	KSMRODHGGIIXDV	Organic acids and derivatives	Carboxylic acids and derivatives	Amino acids, peptides, and analogues	Small peptides	Dipeptides	Amino acids and Peptides	mzspec:GNPS:GNPS-LIBRARY:CCMSLIB00006126687
CCMSLIB00006124011	688	spectra_filtered.mgf	BIRMINGHAM-UHPLC-MS-NEG.mgf	0.913151	5756040.0	0	0.222282	12	0.00012207	549.168	-1	temp/spectra_filtered.mgf688	1	Maltotriose - 40.0 eV	ESI	Orbitrap	Isolated	PI	Data Collector	Unknown	549.168	0.0	1		N/A	C([C@@H]1[C@H]([C@@H]([C@H]([C@H](O1)O[C@@H]2[C@H](O[C@@H]([C@@H]([C@H]2O)O)O[C@@H]3[C@H](OC([C@@H]([C@H]3O)O)O)CO)CO)O)O)O)O	InChI=1S/C18H32O16/c19-1-4-7(22)8(23)12(27)17(31-4)34-15-6(3-21)32-18(13(28)10(15)25)33-14-5(2-20)30-16(29)11(26)9(14)24/h4-29H,1-3H2/t4-,5-,6-,7-,8+,9-,10-,11-,12-,13-,14-,15-,16?,17-,18-/m1/s1	N/A	1	Negative	BIRMINGHAM-UHPLC-MS-NEG	549.168	UPDATE-SINGLE-ANNOTATED-GOLD	Gold		C18H32O16	FYGDTMLNYKFZSV-DZOUCCHMSA-N	FYGDTMLNYKFZSV	Organic oxygen compounds	Organooxygen compounds	Carbohydrates and carbohydrate conjugates	Saccharides	Disaccharides|Polysaccharides	Carbohydrates	mzspec:GNPS:GNPS-LIBRARY:CCMSLIB00006124011
CCMSLIB00012320998	4616	spectra_filtered.mgf	MSNLIB-NEGATIVE.mgf	0.910962	904063.0	0	1.80202	7	0.00088501	491.121	-1	temp/spectra_filtered.mgf4616	1	Glycitin	ESI	Orbitrap	Crude	Tomas Pluskal	Corinna Brungs	[M+FA]-	491.12	446.121	1	N/A	N/A	COc1c(O[C@@H]2O[C@H](CO)[C@@H](O)[C@H](O)[C@H]2O)cc2occ(-c3ccc(O)cc3)c(=O)c2c1	InChI=1S/C22H22O10/c1-29-15-6-12-14(30-9-13(18(12)25)10-2-4-11(24)5-3-10)7-16(15)31-22-21(28)20(27)19(26)17(8-23)32-22/h2-7,9,17,19-24,26-28H,8H2,1H3/t17-,19-,20+,21-,22-/m1/s1	OZBAVEKZGSOMOJ-MIUGBVLSSA-N	1	Negative	MSNLIB-NEGATIVE	491.12	UPDATE-SINGLE-ANNOTATED-GOLD	Gold		C22H22O10	OZBAVEKZGSOMOJ-MIUGBVLSSA-N	OZBAVEKZGSOMOJ	Phenylpropanoids and polyketides	Isoflavonoids	Isoflavonoid O-glycosides	Isoflavonoids	Isoflavones	Shikimates and Phenylpropanoids	mzspec:GNPS:GNPS-LIBRARY:CCMSLIB00012320998
CCMSLIB00010102704	1492	spectra_filtered.mgf	BERKELEY-LAB.mgf	0.909575	654910.0	0	2.11482	15	0.00128174	606.075	-1	temp/spectra_filtered.mgf1492	1	UDP-GlcNAc CollisionEnergy:102040	LC-ESI	Orbitrap	Commercial	Trent Northen	JGI	M-H	606.074	0.0	1	N/A	N/A	CC(O)=N[C@H]1[C@@H](OP(=O)(O)OP(=O)(O)OC[C@H]2O[C@@H](n3ccc(O)nc3=O)[C@H](O)[C@@H]2O)O[C@H](CO)[C@@H](O)[C@@H]1O	"""InChI=1S/C17H27N3O17P2/c1-6(22)18-10-13(26)11(24)7(4-21)35-16(10)36-39(31,32)37-38(29,30)33-5-8-12(25)14(27)15(34-8)20-3-2-9(23)19-17(20)28/h2-3,7-8,10-16,21,24-27H,4-5H2,1H3,(H,18,22)(H,29,30)(H,31,32)(H,19,23,28)/t7-,8-,10-,11-,12-,13-,14-,15-,16-/m1/s1"""	N/A	3	Negative	BERKELEY-LAB	606.074	UPDATE-SINGLE-ANNOTATED-BRONZE	Bronze		C17H27N3O17P2	LFTYTUAZOPRMMI-CFRASDGPSA-N	LFTYTUAZOPRMMI	Nucleosides, nucleotides, and analogues	Pyrimidine nucleotides	Pyrimidine nucleotide sugars	Aminosugars and aminoglycosides	Aminosugars	Carbohydrates	mzspec:GNPS:GNPS-LIBRARY:CCMSLIB00010102704
CCMSLIB00006680021	2005	spectra_filtered.mgf	MONA.mgf	0.908478	2060250.0	0	0.104475	6	3.05176e-05	292.104	-1	temp/spectra_filtered.mgf2005	1	N-ACETYLMURAMIC ACID	ESI	Orbitrap	isolated	MoNA	MoNA:MoNA038170	M-H	292.104	0.0	1	N/A	N/A	C[C@H](C(=O)O)O[C@@H]1[C@H](C(O)O[C@H](CO)[C@H]1O)/N=C(/C)\O	"""InChI=1S/C11H19NO8/c1-4(10(16)17)19-9-7(12-5(2)14)11(18)20-6(3-13)8(9)15/h4,6-9,11,13,15,18H,3H2,1-2H3,(H,12,14)(H,16,17)/t4-,6-,7-,8-,9-,11?/m1/s1"""	N/A	3	negative	MONA	292.104	UPDATE-SINGLE-ANNOTATED-BRONZE	Bronze		C11H19NO8	MNLRQHMNZILYPY-MKFCKLDKSA-N	MNLRQHMNZILYPY	Organic oxygen compounds	Organooxygen compounds	Carbohydrates and carbohydrate conjugates				mzspec:GNPS:GNPS-LIBRARY:CCMSLIB00006680021
CCMSLIB00012345698	709	spectra_filtered.mgf	MSNLIB-NEGATIVE.mgf	0.908042	31976700.0	0	1.01123	6	0.000183105	181.072	-1	temp/spectra_filtered.mgf709	1	D-Sorbitol (Chimeric precursor selection)	ESI	Orbitrap	Crude	Tomas Pluskal	Corinna Brungs	[M-H]-	181.072	182.079	1	N/A	N/A	OC[C@@H](O)[C@@H](O)[C@H](O)[C@@H](O)CO	InChI=1S/C6H14O6/c7-1-3(9)5(11)6(12)4(10)2-8/h3-12H,1-2H2/t3-,4+,5-,6-/m1/s1	FBPFZTCFMRRESA-JGWLITMVSA-N	1	Negative	MSNLIB-NEGATIVE	181.072	UPDATE-SINGLE-ANNOTATED-GOLD	Gold		C6H14O6	FBPFZTCFMRRESA-JGWLITMVSA-N	FBPFZTCFMRRESA	Organic oxygen compounds	Organooxygen compounds	Carbohydrates and carbohydrate conjugates	Saccharides	Monosaccharides	Carbohydrates	mzspec:GNPS:GNPS-LIBRARY:CCMSLIB00012345698
CCMSLIB00004714458	5795	spectra_filtered.mgf	MONA.mgf	0.90648	666445.0	0	0.981307	7	0.000366211	373.187	-1	temp/spectra_filtered.mgf5795	1	2-[2-[(Z)-pent-2-enyl]-3-[3,4,5-trihydroxy-6-(hydroxymethyl)oxan-2-yl]oxycyclopentyl]acetic acid	N/A	ESI-QFT	isolated	MoNA	MoNA:VF-NPL-QEHF023395	[M-H]-	373.187	0.0	1	N/A	N/A	CC/C=C\CC1C(CC(=O)O)CCC1OC1OC(CO)C(O)C(O)C1O	InChI=1S/C18H30O8/c1-2-3-4-5-11-10(8-14(20)21)6-7-12(11)25-18-17(24)16(23)15(22)13(9-19)26-18/h3-4,10-13,15-19,22-24H,2,5-9H2,1H3,(H,20,21)/b4-3-	N/A	3	negative	MONA	373.187	UPDATE-SINGLE-ANNOTATED-BRONZE	Bronze		C18H30O8	GJZJZRWFRZFTEE-ARJAWSKDSA-N	GJZJZRWFRZFTEE	Lipids and lipid-like molecules	Fatty Acyls	Fatty acyl glycosides	Octadecanoids	Jasmonic acids	Fatty acids	mzspec:GNPS:GNPS-LIBRARY:CCMSLIB00004714458
CCMSLIB00000578380	720	spectra_filtered.mgf	GNPS-EMBL-MCF.mgf	0.905774	1806850.0	0	2.86291	9	0.000976562	341.109	-1	temp/spectra_filtered.mgf720	1	D-(+)-CELLOBIOSE	LC-ESI	Q-Exactive Plus	Commercial standard	Alexandrov Theodore	Prasad	M-H	341.108	342.116	0	528-50-7	439178	C(C1C(C(C(C(O1)OC2C(OC(C(C2O)O)O)CO)O)O)O)O	InChI=1S/C12H22O11/c13-1-3-5(15)6(16)9(19)12(22-3)23-10-4(2-14)21-11(20)8(18)7(10)17/h3-20H,1-2H2	N/A	1	Negative	GNPS-EMBL-MCF	341.108	UPDATE-SINGLE-ANNOTATED-GOLD	Gold		C12H22O11	GUBGYTABKSRVRQ-UHFFFAOYSA-N	GUBGYTABKSRVRQ	Organic oxygen compounds	Organooxygen compounds	Carbohydrates and carbohydrate conjugates	Saccharides	Disaccharides|Polysaccharides	Carbohydrates	mzspec:GNPS:GNPS-LIBRARY:CCMSLIB00000578380
CCMSLIB00005746967	6596	spectra_filtered.mgf	MASSBANK.mgf	0.904719	842320.0	0	8.24972	10	0.00271606	329.234	-1	temp/spectra_filtered.mgf6596	1	Massbank:PR309108 FA 18:1+3O	ESI	qTof	Isolated	Massbank	Massbank	M-H	329.231	0.0	1	N/A	N/A	O=C(O)CCCCCCCC(O)C=CC(O)C(O)CCCCC	1S/C18H34O5/c1-2-3-7-11-16(20)17(21)14-13-15(19)10-8-5-4-6-9-12-18(22)23/h13-17,19-21H,2-12H2,1H3,(H,22,23)	N/A	3	Negative	MASSBANK	329.231	UPDATE-SINGLE-ANNOTATED-BRONZE	Bronze		C18H34O5	MDIUMSLCYIJBQC-UHFFFAOYSA-N	MDIUMSLCYIJBQC	Lipids and lipid-like molecules	Fatty Acyls	Fatty acids and conjugates	Octadecanoids	Other Octadecanoids	Fatty acids	mzspec:GNPS:GNPS-LIBRARY:CCMSLIB00005746967
CCMSLIB00012430808	4302	spectra_filtered.mgf	MSNLIB-NEGATIVE.mgf	0.903765	457639.0	0	1.56288	14	0.000701904	449.11	-1	temp/spectra_filtered.mgf4302	1	Hovetrichoside C	ESI	Orbitrap	Isolated	Tomas Pluskal	Corinna Brungs	[M-H]-	449.109	450.116	1	N/A	N/A	O=C1c2c(cc(O)cc2O[C@@H]2O[C@H](CO)[C@@H](O)[C@H](O)[C@H]2O)OC1(O)Cc1ccc(O)cc1	InChI=1S/C21H22O11/c22-8-14-16(25)17(26)18(27)20(31-14)30-12-5-11(24)6-13-15(12)19(28)21(29,32-13)7-9-1-3-10(23)4-2-9/h1-6,14,16-18,20,22-27,29H,7-8H2/t14-,16-,17+,18-,20-,21?/m1/s1	KJIWCKSQHHNTTL-CTAUWVKESA-N	1	Negative	MSNLIB-NEGATIVE	449.109	UPDATE-SINGLE-ANNOTATED-GOLD	Gold		C21H22O11	KJIWCKSQHHNTTL-CTAUWVKESA-N	KJIWCKSQHHNTTL	Phenylpropanoids and polyketides	Flavonoids	Flavonoid glycosides	Flavonoids	Aurones	Shikimates and Phenylpropanoids	mzspec:GNPS:GNPS-LIBRARY:CCMSLIB00012430808
CCMSLIB00010121910	7067	spectra_filtered.mgf	BERKELEY-LAB.mgf	0.897044	1518330.0	0	0.416372	7	0.00012207	293.176	-1	temp/spectra_filtered.mgf7067	1	6-Gingerol CollisionEnergy:205060	LC-ESI	Orbitrap	Commercial	Trent Northen	JGI	M-H	293.176	0.0	1	N/A	N/A	CCCCCC(O)CC(=O)CCc1ccc(O)c(OC)c1	"""InChI=1S/C17H26O4/c1-3-4-5-6-14(18)12-15(19)9-7-13-8-10-16(20)17(11-13)21-2/h8,10-11,14,18,20H,3-7,9,12H2,1-2H3/t14-/m0/s1"""	N/A	3	Negative	BERKELEY-LAB	293.176	UPDATE-SINGLE-ANNOTATED-BRONZE	Bronze		C17H26O4	NLDDIKRKFXEWBK-UHFFFAOYSA-N	NLDDIKRKFXEWBK	Benzenoids	Phenols	Methoxyphenols				mzspec:GNPS:GNPS-LIBRARY:CCMSLIB00010121910
CCMSLIB00006124720	2714	spectra_filtered.mgf	BIRMINGHAM-UHPLC-MS-NEG.mgf	0.895777	466813.0	0	3.64639	6	0.000915527	251.079	-1	temp/spectra_filtered.mgf2714	1	33517 - 40.0 eV	ESI	Orbitrap	Isolated	PI	Data Collector	M-H	251.078	0.0	1		N/A	c1nc2c(c(n1)O)ncn2[C@H]3C[C@@H]([C@H](O3)CO)O	InChI=1S/C10H12N4O4/c15-2-6-5(16)1-7(18-6)14-4-13-8-9(14)11-3-12-10(8)17/h3-7,15-16H,1-2H2,(H,11,12,17)/t5-,6+,7+/m0/s1	N/A	1	Negative	BIRMINGHAM-UHPLC-MS-NEG	251.078	UPDATE-SINGLE-ANNOTATED-GOLD	Gold		C10H12N4O4	VGONTNSXDCQUGY-RRKCRQDMSA-N	VGONTNSXDCQUGY	Nucleosides, nucleotides, and analogues	Purine nucleosides	Purine 2'-deoxyribonucleosides	Nucleosides	Purine nucleos(t)ides	Carbohydrates	mzspec:GNPS:GNPS-LIBRARY:CCMSLIB00006124720
CCMSLIB00006116364	5299	spectra_filtered.mgf	BIRMINGHAM-UHPLC-MS-NEG.mgf	0.893974	205146.0	0	2.6148	8	0.000640869	245.094	-1	temp/spectra_filtered.mgf5299	1	DL-N-Acetyltryptophan - 40.0 eV	ESI	Orbitrap	Isolated	PI	Data Collector	M-H	245.093	0.0	1		N/A	CC(=O)NC(Cc1c[nH]c2c1cccc2)C(=O)O	InChI=1S/C13H14N2O3/c1-8(16)15-12(13(17)18)6-9-7-14-11-5-3-2-4-10(9)11/h2-5,7,12,14H,6H2,1H3,(H,15,16)(H,17,18)	N/A	1	Negative	BIRMINGHAM-UHPLC-MS-NEG	245.093	UPDATE-SINGLE-ANNOTATED-GOLD	Gold		C13H14N2O3	DZTHIGRZJZPRDV-UHFFFAOYSA-N	DZTHIGRZJZPRDV	Organic acids and derivatives	Carboxylic acids and derivatives	Amino acids, peptides, and analogues	Small peptides	Dipeptides	Amino acids and Peptides	mzspec:GNPS:GNPS-LIBRARY:CCMSLIB00006116364
CCMSLIB00006116367	5413	spectra_filtered.mgf	BIRMINGHAM-UHPLC-MS-NEG.mgf	0.893641	868605.0	0	2.30351	9	0.000564575	245.094	-1	temp/spectra_filtered.mgf5413	1	DL-N-Acetyltryptophan - 40.0 eV	ESI	Orbitrap	Isolated	PI	Data Collector	M-H	245.093	0.0	1		N/A	CC(=O)NC(Cc1c[nH]c2c1cccc2)C(=O)O	InChI=1S/C13H14N2O3/c1-8(16)15-12(13(17)18)6-9-7-14-11-5-3-2-4-10(9)11/h2-5,7,12,14H,6H2,1H3,(H,15,16)(H,17,18)	N/A	1	Negative	BIRMINGHAM-UHPLC-MS-NEG	245.093	UPDATE-SINGLE-ANNOTATED-GOLD	Gold		C13H14N2O3	DZTHIGRZJZPRDV-UHFFFAOYSA-N	DZTHIGRZJZPRDV	Organic acids and derivatives	Carboxylic acids and derivatives	Amino acids, peptides, and analogues	Small peptides	Dipeptides	Amino acids and Peptides	mzspec:GNPS:GNPS-LIBRARY:CCMSLIB00006116367
CCMSLIB00006684604	3468	spectra_filtered.mgf	MONA.mgf	0.889157	132160.0	0	0.109343	11	3.05176e-05	279.099	-1	temp/spectra_filtered.mgf3468	1	ASP-PHE	ESI	qTof	isolated	MoNA	MoNA:MoNA035590	M-H	279.099	0.0	1	N/A	N/A	C1=CC=C(C=C1)C[C@@H](C(=O)O)/N=C(/[C@H](CC(=O)O)N)\O	"""InChI=1S/C13H16N2O5/c14-9(7-11(16)17)12(18)15-10(13(19)20)6-8-4-2-1-3-5-8/h1-5,9-10H,6-7,14H2,(H,15,18)(H,16,17)(H,19,20)/t9-,10-/m0/s1"""	N/A	3	negative	MONA	279.099	UPDATE-SINGLE-ANNOTATED-BRONZE	Bronze		C13H16N2O5	YZQCXOFQZKCETR-UWVGGRQHSA-N	YZQCXOFQZKCETR	Organic acids and derivatives	Carboxylic acids and derivatives	Amino acids, peptides, and analogues	Small peptides	Aminoacids|Dipeptides	Amino acids and Peptides|Shikimates and Phenylpropanoids	mzspec:GNPS:GNPS-LIBRARY:CCMSLIB00006684604
CCMSLIB00010118244	2587	spectra_filtered.mgf	BERKELEY-LAB.mgf	0.888906	125508.0	0	1.3262	6	0.000579834	437.215	-1	temp/spectra_filtered.mgf2587	1	D-pantothenic acid CollisionEnergy:205060	LC-ESI	Orbitrap	Commercial	Trent Northen	JGI	2M-H	437.214	0.0	1	N/A	N/A	CC(C)(CO)C(O)C(O)=NCCC(=O)O	"""InChI=1S/C9H17NO5/c1-9(2,5-11)7(14)8(15)10-4-3-6(12)13/h7,11,14H,3-5H2,1-2H3,(H,10,15)(H,12,13)"""	N/A	3	Negative	BERKELEY-LAB	437.214	UPDATE-SINGLE-ANNOTATED-BRONZE	Bronze		C9H17NO5	GHOKWGTUZJEAQD-UHFFFAOYSA-N	GHOKWGTUZJEAQD	Organic acids and derivatives	Carboxylic acids and derivatives	Amino acids, peptides, and analogues	Fatty Acids and Conjugates	Branched fatty acids	Fatty acids	mzspec:GNPS:GNPS-LIBRARY:CCMSLIB00010118244
CCMSLIB00004694138	8214	spectra_filtered.mgf	MONA.mgf	0.887969	1132060.0	0	22.3351	7	0.00726318	325.185	-1	temp/spectra_filtered.mgf8214	1	HYDROQUINIDINE	N/A	ESI-QFT	isolated	MoNA	MoNA:VF-NPL-QEHF003075	[M-H]-	325.192	0.0	1	N/A	N/A	CCC1CN2CCC1CC2C(O)c1ccnc2ccc(OC)cc12	InChI=1S/C20H26N2O2/c1-3-13-12-22-9-7-14(13)10-19(22)20(23)16-6-8-21-18-5-4-15(24-2)11-17(16)18/h4-6,8,11,13-14,19-20,23H,3,7,9-10,12H2,1-2H3	N/A	3	negative	MONA	325.192	UPDATE-SINGLE-ANNOTATED-BRONZE	Bronze		C20H26N2O2	LJOQGZACKSYWCH-UHFFFAOYSA-N	LJOQGZACKSYWCH	N/A	N/A	N/A	Tryptophan alkaloids		Alkaloids	mzspec:GNPS:GNPS-LIBRARY:CCMSLIB00004694138
CCMSLIB00012345698	6385	spectra_filtered.mgf	MSNLIB-NEGATIVE.mgf	0.877386	491685.0	0	83.6793	6	0.015152	181.087	-1	temp/spectra_filtered.mgf6385	1	D-Sorbitol (Chimeric precursor selection)	ESI	Orbitrap	Crude	Tomas Pluskal	Corinna Brungs	[M-H]-	181.072	182.079	1	N/A	N/A	OC[C@@H](O)[C@@H](O)[C@H](O)[C@@H](O)CO	InChI=1S/C6H14O6/c7-1-3(9)5(11)6(12)4(10)2-8/h3-12H,1-2H2/t3-,4+,5-,6-/m1/s1	FBPFZTCFMRRESA-JGWLITMVSA-N	1	Negative	MSNLIB-NEGATIVE	181.072	UPDATE-SINGLE-ANNOTATED-GOLD	Gold		C6H14O6	FBPFZTCFMRRESA-JGWLITMVSA-N	FBPFZTCFMRRESA	Organic oxygen compounds	Organooxygen compounds	Carbohydrates and carbohydrate conjugates	Saccharides	Monosaccharides	Carbohydrates	mzspec:GNPS:GNPS-LIBRARY:CCMSLIB00012345698
CCMSLIB00006119690	5248	spectra_filtered.mgf	BIRMINGHAM-UHPLC-MS-NEG.mgf	0.877208	80517.2	0	0.0	8	0.0	253.051	-1	temp/spectra_filtered.mgf5248	1	Daidzein - 40.0 eV	ESI	Orbitrap	Isolated	PI	Data Collector	M-H	253.051	0.0	1		N/A	c1cc(ccc1c2coc3cc(ccc3c2=O)O)O	InChI=1S/C15H10O4/c16-10-3-1-9(2-4-10)13-8-19-14-7-11(17)5-6-12(14)15(13)18/h1-8,16-17H	N/A	1	Negative	BIRMINGHAM-UHPLC-MS-NEG	253.051	UPDATE-SINGLE-ANNOTATED-GOLD	Gold		C15H10O4	ZQSIJRDFPHDXIC-UHFFFAOYSA-N	ZQSIJRDFPHDXIC	Phenylpropanoids and polyketides	Isoflavonoids	Isoflav-2-enes	Isoflavonoids	Isoflavones	Shikimates and Phenylpropanoids	mzspec:GNPS:GNPS-LIBRARY:CCMSLIB00006119690
CCMSLIB00010121955	4709	spectra_filtered.mgf	BERKELEY-LAB.mgf	0.876778	179127.0	0	3.24933	7	0.000747681	230.104	-1	temp/spectra_filtered.mgf4709	1	2-(3-carboxypropanoylamino)-3-methylpentanoic acid CollisionEnergy:205060	LC-ESI	Orbitrap	Commercial	Trent Northen	JGI	M-H	230.103	0.0	1	N/A	N/A	CCC(C)C(N=C(O)CCC(=O)O)C(=O)O	"""InChI=1S/C10H17NO5/c1-3-6(2)9(10(15)16)11-7(12)4-5-8(13)14/h6,9H,3-5H2,1-2H3,(H,11,12)(H,13,14)(H,15,16)"""	N/A	3	Negative	BERKELEY-LAB	230.103	UPDATE-SINGLE-ANNOTATED-BRONZE	Bronze		C10H17NO5	LLXWDSPVRCKBPZ-UHFFFAOYSA-N	LLXWDSPVRCKBPZ	Organic acids and derivatives	Carboxylic acids and derivatives	Amino acids, peptides, and analogues	Fatty Acids and Conjugates	Dicarboxylic acids	Fatty acids	mzspec:GNPS:GNPS-LIBRARY:CCMSLIB00010121955
CCMSLIB00000849764	6833	spectra_filtered.mgf	GNPS-NIH-NATURALPRODUCTSLIBRARY_ROUND2_NEGATIVE.mgf	0.876331	2270990.0	0	0.0	19	0.0	987.517	-1	temp/spectra_filtered.mgf6833	1	NCGC00380668-01_C48H78O18_(3beta,5xi,9xi,22beta)-22,24-Dihydroxyolean-12-en-3-yl 6-deoxy-alpha-L-mannopyranosyl-(1->2)-beta-D-galactopyranosyl-(1->2)-beta-D-glucopyranosiduronic acid	LC-ESI	Maxis II HD Q-TOF Bruker	isolated	Jadhav/Dorrestein	lfnothias	M+FA-H	987.517	942.519	1	n/a	n/a	C[C@@H]1O[C@@H](O[C@@H]2[C@@H](O)[C@@H](O)[C@@H](CO)O[C@H]2O[C@@H]3[C@@H](O)[C@H](O)[C@H](O[C@H]3O[C@H]4CC[C@@]5(C)C(CC[C@]6(C)C5C\C=C/7[C@@H]8CC(C)(C)C[C@@H](O)[C@]8(C)CC[C@@]67C)[C@@]4(C)CO)C(O)=O)[C@H](O)[C@H](O)[C@H]1O	InChI=1S/C48H78O18/c1-21-29(52)31(54)35(58)40(61-21)65-37-32(55)30(53)24(19-49)62-41(37)66-38-34(57)33(56)36(39(59)60)64-42(38)63-28-12-13-45(5)25(46(28,6)20-50)11-14-48(8)26(45)10-9-22-23-17-43(2,3)18-27(51)44(23,4)15-16-47(22,48)7/h9,21,23-38,40-42,49-58H,10-20H2,1-8H3,(H,59,60)/t21-,23-,24+,25?,26?,27+,28-,29-,30-,31+,32-,33-,34-,35+,36-,37+,38+,40-,41-,42+,44+,45-,46+,47+,48+/m0/s1	N/A	1	negative	GNPS-NIH-NATURALPRODUCTSLIBRARY_ROUND2_NEGATIVE	987.517	UPDATE-SINGLE-ANNOTATED-GOLD	Gold		C48H78O18	PTDAHAWQAGSZDD-VJQGOKKYSA-N	PTDAHAWQAGSZDD	Lipids and lipid-like molecules	Prenol lipids	Terpene glycosides	Triterpenoids	Oleanane triterpenoids	Terpenoids	mzspec:GNPS:GNPS-LIBRARY:CCMSLIB00000849764
CCMSLIB00012317766	2688	spectra_filtered.mgf	MSNLIB-NEGATIVE.mgf	0.870951	134805.0	0	0.566823	7	0.000183105	323.038	-1	temp/spectra_filtered.mgf2688	1	N,N'-Diacetyl-L-cystine	ESI	Orbitrap	Crude	Tomas Pluskal	Corinna Brungs	[M-H]-	323.038	324.045	1	N/A	N/A	CC(=O)N[C@@H](CSSC[C@H](NC(C)=O)C(=O)O)C(=O)O	InChI=1S/C10H16N2O6S2/c1-5(13)11-7(9(15)16)3-19-20-4-8(10(17)18)12-6(2)14/h7-8H,3-4H2,1-2H3,(H,11,13)(H,12,14)(H,15,16)(H,17,18)/t7-,8-/m0/s1	YTPQSLLEROSACP-YUMQZZPRSA-N	1	Negative	MSNLIB-NEGATIVE	323.038	UPDATE-SINGLE-ANNOTATED-GOLD	Gold		C10H16N2O6S2	YTPQSLLEROSACP-YUMQZZPRSA-N	YTPQSLLEROSACP	Organic acids and derivatives	Carboxylic acids and derivatives	Amino acids, peptides, and analogues	Small peptides	Dipeptides	Amino acids and Peptides	mzspec:GNPS:GNPS-LIBRARY:CCMSLIB00012317766
CCMSLIB00006113643	1658	spectra_filtered.mgf	BIRMINGHAM-UHPLC-MS-NEG.mgf	0.869214	585950.0	0	1.48846	6	0.000488281	328.046	-1	temp/spectra_filtered.mgf1658	1	Adenosine Cyclophosphate - 40.0 eV	ESI	Orbitrap	Isolated	PI	Data Collector	M-H	328.045	0.0	1		N/A	c1nc(c2c(n1)n(cn2)[C@H]3C([C@@H]4[C@H](O3)COP(=O)(O4)O)O)N	InChI=1S/C10H12N5O6P/c11-8-5-9(13-2-12-8)15(3-14-5)10-6(16)7-4(20-10)1-19-22(17,18)21-7/h2-4,6-7,10,16H,1H2,(H,17,18)(H2,11,12,13)/t4-,6?,7+,10-/m1/s1	N/A	1	Negative	BIRMINGHAM-UHPLC-MS-NEG	328.045	UPDATE-SINGLE-ANNOTATED-GOLD	Gold		C10H12N5O6P	IVOMOUWHDPKRLL-HMEJCUHCSA-N	IVOMOUWHDPKRLL	Nucleosides, nucleotides, and analogues	Purine nucleotides	Cyclic purine nucleotides	Nucleosides	Purine nucleos(t)ides	Carbohydrates	mzspec:GNPS:GNPS-LIBRARY:CCMSLIB00006113643
CCMSLIB00006123089	1209	spectra_filtered.mgf	BIRMINGHAM-UHPLC-MS-NEG.mgf	0.863494	2187600.0	0	0.613715	6	0.000106812	174.041	-1	temp/spectra_filtered.mgf1209	1	N-Acetyl-L-aspartic acid - 40.0 eV	ESI	Orbitrap	Isolated	PI	Data Collector	M-H	174.041	0.0	1		N/A	CC(=O)N[C@@H](CC(=O)O)C(=O)O	InChI=1S/C6H9NO5/c1-3(8)7-4(6(11)12)2-5(9)10/h4H,2H2,1H3,(H,7,8)(H,9,10)(H,11,12)/t4-/m0/s1	N/A	1	Negative	BIRMINGHAM-UHPLC-MS-NEG	174.041	UPDATE-SINGLE-ANNOTATED-GOLD	Gold		C6H9NO5	OTCCIMWXFLJLIA-BYPYZUCNSA-N	OTCCIMWXFLJLIA	Organic acids and derivatives	Carboxylic acids and derivatives	Amino acids, peptides, and analogues	Small peptides	Dipeptides	Amino acids and Peptides	mzspec:GNPS:GNPS-LIBRARY:CCMSLIB00006123089
CCMSLIB00006112686	835	spectra_filtered.mgf	BIRMINGHAM-UHPLC-MS-NEG.mgf	0.857032	2758000.0	0	0.782297	6	0.000152588	195.051	-1	temp/spectra_filtered.mgf835	1	1726059 - 40.0 eV	ESI	Orbitrap	Isolated	PI	Data Collector	M-H	195.051	0.0	1		N/A	C([C@H]([C@@H]([C@@H]([C@H](C(=O)O)O)O)O)O)O	InChI=1S/C6H12O7/c7-1-2(8)3(9)4(10)5(11)6(12)13/h2-5,7-11H,1H2,(H,12,13)/t2-,3+,4+,5-/m1/s1	N/A	1	Negative	BIRMINGHAM-UHPLC-MS-NEG	195.051	UPDATE-SINGLE-ANNOTATED-GOLD	Gold		C6H12O7	RGHNJXZEOKUKBD-MGCNEYSASA-N	RGHNJXZEOKUKBD	Organic acids and derivatives	Hydroxy acids and derivatives	Medium-chain hydroxy acids and derivatives	Saccharides	Monosaccharides	Carbohydrates	mzspec:GNPS:GNPS-LIBRARY:CCMSLIB00006112686
CCMSLIB00012353867	2025	spectra_filtered.mgf	MSNLIB-NEGATIVE.mgf	0.854637	407929.0	0	0.842908	7	0.000305176	362.051	-1	temp/spectra_filtered.mgf2025	1	5550-12-9	ESI	Orbitrap	Crude	Tomas Pluskal	Corinna Brungs	[M-H]-	362.051	363.058	1	N/A	N/A	Nc1nc(=O)c2c([nH]1)n([C@@H]1O[C@H](COP(=O)(O)O)[C@@H](O)[C@H]1O)cn2	InChI=1S/C10H14N5O8P/c11-10-13-7-4(8(18)14-10)12-2-15(7)9-6(17)5(16)3(23-9)1-22-24(19,20)21/h2-3,5-6,9,16-17H,1H2,(H2,19,20,21)(H3,11,13,14,18)/t3-,5-,6-,9-/m1/s1	RQFCJASXJCIDSX-UUOKFMHZSA-N	1	Negative	MSNLIB-NEGATIVE	362.051	UPDATE-SINGLE-ANNOTATED-GOLD	Gold		C10H14N5O8P	RQFCJASXJCIDSX-UUOKFMHZSA-N	RQFCJASXJCIDSX	Nucleosides, nucleotides, and analogues	Purine nucleotides	Purine ribonucleotides	Nucleosides	Purine nucleos(t)ides	Carbohydrates	mzspec:GNPS:GNPS-LIBRARY:CCMSLIB00012353867
CCMSLIB00006120953	5019	spectra_filtered.mgf	BIRMINGHAM-UHPLC-MS-NEG.mgf	0.854105	138735.0	0	3.10978	6	0.000640869	206.083	-1	temp/spectra_filtered.mgf5019	1	N-Acetyl-L-phenylalanine - 40.0 eV	ESI	Orbitrap	Isolated	PI	Data Collector	M-H	206.082	0.0	1		N/A	CC(=O)N[C@@H](Cc1ccccc1)C(=O)O	InChI=1S/C11H13NO3/c1-8(13)12-10(11(14)15)7-9-5-3-2-4-6-9/h2-6,10H,7H2,1H3,(H,12,13)(H,14,15)/t10-/m0/s1	N/A	1	Negative	BIRMINGHAM-UHPLC-MS-NEG	206.082	UPDATE-SINGLE-ANNOTATED-GOLD	Gold		C11H13NO3	CBQJSKKFNMDLON-JTQLQIEISA-N	CBQJSKKFNMDLON	Organic acids and derivatives	Carboxylic acids and derivatives	Amino acids, peptides, and analogues	Small peptides	Dipeptides	Amino acids and Peptides	mzspec:GNPS:GNPS-LIBRARY:CCMSLIB00006120953
CCMSLIB00006126587	2185	spectra_filtered.mgf	BIRMINGHAM-UHPLC-MS-NEG.mgf	0.854094	121580.0	0	1.09411	6	0.000259399	237.088	-1	temp/spectra_filtered.mgf2185	1	Gly-Tyr - 40.0 eV	ESI	Orbitrap	Isolated	PI	Data Collector	M-H	237.088	0.0	1		N/A	c1cc(ccc1C[C@@H](C(=O)O)NC(=O)CN)O	InChI=1S/C11H14N2O4/c12-6-10(15)13-9(11(16)17)5-7-1-3-8(14)4-2-7/h1-4,9,14H,5-6,12H2,(H,13,15)(H,16,17)/t9-/m0/s1	N/A	1	Negative	BIRMINGHAM-UHPLC-MS-NEG	237.088	UPDATE-SINGLE-ANNOTATED-GOLD	Gold		C11H14N2O4	XBGGUPMXALFZOT-VIFPVBQESA-N	XBGGUPMXALFZOT	Organic acids and derivatives	Carboxylic acids and derivatives	Amino acids, peptides, and analogues	Small peptides	Dipeptides	Amino acids and Peptides	mzspec:GNPS:GNPS-LIBRARY:CCMSLIB00006126587
CCMSLIB00010059356	8060	spectra_filtered.mgf	PNNL-LIPIDS-NEGATIVE.mgf	0.84993	1365480.0	0	1.84048	6	0.000854492	464.279	-1	temp/spectra_filtered.mgf8060	1	PE(17:1/0:0); [M-H]- C22H43N1O7P1	LC-ESI	HCD; Lumos	Commercial	Thomas Metz	Thomas Metz	M-H	464.278	0.0	1	N/A	N/A	N/A	N/A	N/A	1	Negative	PNNL-LIPIDS-NEGATIVE	464.278	UPDATE-SINGLE-ANNOTATED-GOLD	Gold		N/A	N/A	N/A	N/A	N/A	N/A	N/A	N/A	N/A	mzspec:GNPS:GNPS-LIBRARY:CCMSLIB00010059356
CCMSLIB00004702423	974	spectra_filtered.mgf	MONA.mgf	0.845829	1833270.0	0	2.04395	7	0.000427246	209.03	-1	temp/spectra_filtered.mgf974	1	MUCIC ACID	N/A	ESI-QFT	isolated	MoNA	MoNA:VF-NPL-QEHF011360	[M-H]-	209.03	0.0	1	N/A	N/A	O=C(O)[C@@H](O)[C@H](O)[C@H](O)[C@@H](O)C(=O)O	InChI=1S/C6H10O8/c7-1(3(9)5(11)12)2(8)4(10)6(13)14/h1-4,7-10H,(H,11,12)(H,13,14)/t1-,2+,3+,4-	N/A	3	negative	MONA	209.03	UPDATE-SINGLE-ANNOTATED-BRONZE	Bronze		C6H10O8	DSLZVSRJTYRBFB-DUHBMQHGSA-N	DSLZVSRJTYRBFB	Organic oxygen compounds	Organooxygen compounds	Carbohydrates and carbohydrate conjugates	Fatty Acids and Conjugates	Hydroxy fatty acids	Fatty acids	mzspec:GNPS:GNPS-LIBRARY:CCMSLIB00004702423
CCMSLIB00012366467	5184	spectra_filtered.mgf	MSNLIB-NEGATIVE.mgf	0.843091	184116.0	0	0.924467	8	0.000244141	264.088	-1	temp/spectra_filtered.mgf5184	1	CHEMBL446487	ESI	Orbitrap	Crude	Tomas Pluskal	Corinna Brungs	[M-H]-	264.088	265.095	1	N/A	N/A	O=C(O)CCC(=O)NC(Cc1ccccc1)C(=O)O	InChI=1S/C13H15NO5/c15-11(6-7-12(16)17)14-10(13(18)19)8-9-4-2-1-3-5-9/h1-5,10H,6-8H2,(H,14,15)(H,16,17)(H,18,19)	CWAGPBPLOYGROC-UHFFFAOYSA-N	1	Negative	MSNLIB-NEGATIVE	264.088	UPDATE-SINGLE-ANNOTATED-GOLD	Gold		C13H15NO5	CWAGPBPLOYGROC-UHFFFAOYSA-N	CWAGPBPLOYGROC	Organic acids and derivatives	Carboxylic acids and derivatives	Amino acids, peptides, and analogues	Small peptides	Dipeptides	Amino acids and Peptides	mzspec:GNPS:GNPS-LIBRARY:CCMSLIB00012366467
CCMSLIB00010059800	7724	spectra_filtered.mgf	PNNL-LIPIDS-NEGATIVE.mgf	0.841135	770496.0	0	2.43999	7	0.00109863	450.263	-1	temp/spectra_filtered.mgf7724	1	PE(16:1/0:0); [M-H]- C21H41N1O7P1	LC-ESI	HCD; Lumos	Commercial	Thomas Metz	Thomas Metz	M-H	450.262	0.0	1	N/A	N/A	N/A	N/A	N/A	1	Negative	PNNL-LIPIDS-NEGATIVE	450.262	UPDATE-SINGLE-ANNOTATED-GOLD	Gold		N/A	N/A	N/A	N/A	N/A	N/A	N/A	N/A	N/A	mzspec:GNPS:GNPS-LIBRARY:CCMSLIB00010059800
CCMSLIB00004683268	7589	spectra_filtered.mgf	SUMNER.mgf	0.838253	299459.0	0	7.53039	9	0.00543213	721.366	-1	temp/spectra_filtered.mgf7589	1	Glc-Glc-octadecatrienoyl-sn-glycerol (isomer 1) (PUT) - 45.8016eV	LC-ESI	 impact HD	Isolated	Sumner	Sumner	M-H	721.361	0.0	1	N/A	N/A	N/A	N/A	N/A	3	Negative	SUMNER	721.361	UPDATE-SINGLE-ANNOTATED-BRONZE	Bronze		N/A	N/A	N/A	N/A	N/A	N/A	N/A	N/A	N/A	mzspec:GNPS:GNPS-LIBRARY:CCMSLIB00004683268
CCMSLIB00012309915	861	spectra_filtered.mgf	MSNLIB-NEGATIVE.mgf	0.837555	3917380.0	0	1.05209	11	0.000396729	377.086	-1	temp/spectra_filtered.mgf861	1	alpha-lactose	ESI	Orbitrap	Crude	Tomas Pluskal	Corinna Brungs	[M+Cl]-	377.086	342.116	1	N/A	N/A	OC[C@H]1O[C@@H](O[C@H]2[C@H](O)[C@@H](O)[C@@H](O)O[C@@H]2CO)[C@H](O)[C@@H](O)[C@H]1O	InChI=1S/C12H22O11/c13-1-3-5(15)6(16)9(19)12(22-3)23-10-4(2-14)21-11(20)8(18)7(10)17/h3-20H,1-2H2/t3-,4-,5+,6+,7-,8-,9-,10-,11+,12+/m1/s1	GUBGYTABKSRVRQ-XLOQQCSPSA-N	1	Negative	MSNLIB-NEGATIVE	377.086	UPDATE-SINGLE-ANNOTATED-GOLD	Gold		C12H22O11	GUBGYTABKSRVRQ-XLOQQCSPSA-N	GUBGYTABKSRVRQ	Organic oxygen compounds	Organooxygen compounds	Carbohydrates and carbohydrate conjugates	Saccharides	Disaccharides|Polysaccharides	Carbohydrates	mzspec:GNPS:GNPS-LIBRARY:CCMSLIB00012309915
CCMSLIB00010121690	8159	spectra_filtered.mgf	BERKELEY-LAB.mgf	0.837264	240417.0	0	2.00749	11	0.00109863	547.267	-1	temp/spectra_filtered.mgf8159	1	Antipiricullin CollisionEnergy:205060	LC-ESI	Orbitrap	Commercial	Trent Northen	JGI	M-H	547.266	0.0	1	N/A	N/A	CCCCCCC1C(=O)OC(C)C(N=C(O)c2cccc(N=CO)c2O)C(=O)OC(C)C1OC(=O)CC(C)C	"""InChI=1S/C28H40N2O9/c1-6-7-8-9-11-20-25(39-22(32)14-16(2)3)18(5)38-28(36)23(17(4)37-27(20)35)30-26(34)19-12-10-13-21(24(19)33)29-15-31/h10,12-13,15-18,20,23,25,33H,6-9,11,14H2,1-5H3,(H,29,31)(H,30,34)/t17-,18+,20-,23+,25+/m1/s1"""	N/A	3	Negative	BERKELEY-LAB	547.266	UPDATE-SINGLE-ANNOTATED-BRONZE	Bronze		C28H40N2O9	UIFFUZWRFRDZJC-UHFFFAOYSA-N	UIFFUZWRFRDZJC	Benzenoids	Benzene and substituted derivatives	Benzoic acids and derivatives	Macrolides		Polyketides	mzspec:GNPS:GNPS-LIBRARY:CCMSLIB00010121690
CCMSLIB00010121955	4866	spectra_filtered.mgf	BERKELEY-LAB.mgf	0.834853	232342.0	0	3.38196	6	0.000778198	230.104	-1	temp/spectra_filtered.mgf4866	1	2-(3-carboxypropanoylamino)-3-methylpentanoic acid CollisionEnergy:205060	LC-ESI	Orbitrap	Commercial	Trent Northen	JGI	M-H	230.103	0.0	1	N/A	N/A	CCC(C)C(N=C(O)CCC(=O)O)C(=O)O	"""InChI=1S/C10H17NO5/c1-3-6(2)9(10(15)16)11-7(12)4-5-8(13)14/h6,9H,3-5H2,1-2H3,(H,11,12)(H,13,14)(H,15,16)"""	N/A	3	Negative	BERKELEY-LAB	230.103	UPDATE-SINGLE-ANNOTATED-BRONZE	Bronze		C10H17NO5	LLXWDSPVRCKBPZ-UHFFFAOYSA-N	LLXWDSPVRCKBPZ	Organic acids and derivatives	Carboxylic acids and derivatives	Amino acids, peptides, and analogues	Fatty Acids and Conjugates	Dicarboxylic acids	Fatty acids	mzspec:GNPS:GNPS-LIBRARY:CCMSLIB00010121955
CCMSLIB00012400874	4517	spectra_filtered.mgf	MSNLIB-NEGATIVE.mgf	0.834595	154013.0	0	0.756407	10	0.000274658	363.109	-1	temp/spectra_filtered.mgf4517	1	NCGC00380226-01!3-methoxy-4-[2-methoxy-4-(1,2,3-trihydroxypropyl)phenoxy]benzoic acid	ESI	Orbitrap	Isolated	Tomas Pluskal	Corinna Brungs	[M-H]-	363.109	364.116	1	N/A	N/A	COc1c(Oc2c(OC)cc(C(O)C(O)CO)cc2)ccc(C(=O)O)c1	InChI=1S/C18H20O8/c1-24-15-7-10(17(21)12(20)9-19)3-5-13(15)26-14-6-4-11(18(22)23)8-16(14)25-2/h3-8,12,17,19-21H,9H2,1-2H3,(H,22,23)	ZBUMLAXYOMYUCL-UHFFFAOYSA-N	1	Negative	MSNLIB-NEGATIVE	363.109	UPDATE-SINGLE-ANNOTATED-GOLD	Gold		C18H20O8	ZBUMLAXYOMYUCL-UHFFFAOYSA-N	ZBUMLAXYOMYUCL	Benzenoids	Benzene and substituted derivatives	Diphenylethers	Phenolic acids (C6-C1)	Simple phenolic acids	Shikimates and Phenylpropanoids	mzspec:GNPS:GNPS-LIBRARY:CCMSLIB00012400874
CCMSLIB00012431029	3390	spectra_filtered.mgf	MSNLIB-NEGATIVE.mgf	0.833609	354568.0	0	1.9969	8	0.00088501	443.193	-1	temp/spectra_filtered.mgf3390	1	CHEBI:181716	ESI	Orbitrap	Isolated	Tomas Pluskal	Corinna Brungs	[M-H]-	443.192	444.2	1	N/A	N/A	CC(=C/C(=O)O)/C=C/[C@]1(O)[C@@]2(C)CO[C@]1(C)C[C@H](O[C@@H]1O[C@H](CO)[C@@H](O)[C@H](O)[C@H]1O)C2	InChI=1S/C21H32O10/c1-11(6-14(23)24)4-5-21(28)19(2)7-12(8-20(21,3)29-10-19)30-18-17(27)16(26)15(25)13(9-22)31-18/h4-6,12-13,15-18,22,25-28H,7-10H2,1-3H3,(H,23,24)/b5-4+,11-6-/t12-,13-,15-,16+,17-,18-,19-,20-,21+/m1/s1	UHHVHDDICOEBTQ-QCJIOVKVSA-N	1	Negative	MSNLIB-NEGATIVE	443.192	UPDATE-SINGLE-ANNOTATED-GOLD	Gold		C21H32O10	UHHVHDDICOEBTQ-QCJIOVKVSA-N	UHHVHDDICOEBTQ	Lipids and lipid-like molecules	Prenol lipids	Sesquiterpenoids	Apocarotenoids	Apocarotenoids(ε-)	Terpenoids	mzspec:GNPS:GNPS-LIBRARY:CCMSLIB00012431029
CCMSLIB00003138554	7344	spectra_filtered.mgf	GNPS-NIST14-MATCHES.mgf	0.831626	1858690.0	0	0.779407	10	0.000244141	313.239	-1	temp/spectra_filtered.mgf7344	1	Spectral Match to 12,13-DiHOME from NIST14	ESI	qTof	Isolated	Data from Wiemann	Data deposited by pwiemann	M-H	313.239	314.246	1	263399355	N/A	CCCCCC(C(C/C=C\CCCCCCCC(=O)O)O)O	InChI=1S/C18H34O4/c1-2-3-10-13-16(19)17(20)14-11-8-6-4-5-7-9-12-15-18(21)22/h8,11,16-17,19-20H,2-7,9-10,12-15H2,1H3,(H,21,22)/b11-8-	N/A	3	Negative	GNPS-NIST14-MATCHES	313.239	UPDATE-SINGLE-ANNOTATED-BRONZE	Bronze		C18H34O4	CQSLTKIXAJTQGA-FLIBITNWSA-N	CQSLTKIXAJTQGA	Lipids and lipid-like molecules	Fatty Acyls	Fatty acids and conjugates	Octadecanoids	Other Octadecanoids	Fatty acids	mzspec:GNPS:GNPS-LIBRARY:CCMSLIB00003138554
CCMSLIB00006125056	2107	spectra_filtered.mgf	BIRMINGHAM-UHPLC-MS-NEG.mgf	0.828871	153773.0	0	2.30703	6	0.000473022	205.035	-1	temp/spectra_filtered.mgf2107	1	2-methylcitric acid - 40.0 eV	ESI	Orbitrap	Isolated	PI	Data Collector	M-H	205.035	0.0	1		N/A	CC(C(=O)O)C(CC(=O)O)(C(=O)O)O	InChI=1S/C7H10O7/c1-3(5(10)11)7(14,6(12)13)2-4(8)9/h3,14H,2H2,1H3,(H,8,9)(H,10,11)(H,12,13)	N/A	1	Negative	BIRMINGHAM-UHPLC-MS-NEG	205.035	UPDATE-SINGLE-ANNOTATED-GOLD	Gold		C7H10O7	YNOXCRMFGMSKIJ-UHFFFAOYSA-N	YNOXCRMFGMSKIJ	Organic acids and derivatives	Carboxylic acids and derivatives	Tricarboxylic acids and derivatives	Fatty Acids and Conjugates	Hydroxy fatty acids	Fatty acids	mzspec:GNPS:GNPS-LIBRARY:CCMSLIB00006125056
CCMSLIB00013639610	2652	spectra_filtered.mgf	WINE-DB-QTOF.mgf	0.828139	223903.0	0	0.399339	6	0.000152588	382.101	-1	temp/spectra_filtered.mgf2652	1	R-N6-succinyladenosine	ESI	qTof	Isolated	Axel_Marchal	TE_MLS	M-H	382.101	383.31	1	132154-36-0	N/A	O[C@H]1[C@H](N2C=3C(N=C2)=C(N[C@H](CC(O)=O)C(O)=O)N=CN3)O[C@H](CO)[C@H]1O	InChI=1S/C14H17N5O8/c20-2-6-9(23)10(24)13(27-6)19-4-17-8-11(15-3-16-12(8)19)18-5(14(25)26)1-7(21)22/h3-6,9-10,13,20,23-24H,1-2H2,(H,21,22)(H,25,26)(H,15,16,18)/t5-,6-,9-,10-,13-/m1/s1	N/A	1	Negative	WINE-DB-QTOF	382.101	UPDATE-SINGLE-ANNOTATED-GOLD	Gold		C14H17N5O8	VKGZCEJTCKHMRL-KFRZGLEESA-N	VKGZCEJTCKHMRL	N/A	N/A	N/A	Nucleosides	Purine nucleos(t)ides	Carbohydrates	mzspec:GNPS:GNPS-LIBRARY:CCMSLIB00013639610
CCMSLIB00004719980	5665	spectra_filtered.mgf	MONA.mgf	0.826349	157763.0	0	0.340287	9	9.15527e-05	269.046	-1	temp/spectra_filtered.mgf5665	1	Genistein	N/A	ESI-QTOF	isolated	MoNA	MoNA:VF-NPL-QTOF002173	[M-H]-	269.046	0.0	1	N/A	N/A	O=c1c(-c2ccc(O)cc2)coc2cc(O)cc(O)c12	InChI=1S/C15H10O5/c16-9-3-1-8(2-4-9)11-7-20-13-6-10(17)5-12(18)14(13)15(11)19/h1-7,16-18H	N/A	3	negative	MONA	269.046	UPDATE-SINGLE-ANNOTATED-BRONZE	Bronze		C15H10O5	TZBJGXHYKVUXJN-UHFFFAOYSA-N	TZBJGXHYKVUXJN	Phenylpropanoids and polyketides	Isoflavonoids	Isoflav-2-enes	Isoflavonoids	Isoflavones	Shikimates and Phenylpropanoids	mzspec:GNPS:GNPS-LIBRARY:CCMSLIB00004719980
CCMSLIB00012353999	8274	spectra_filtered.mgf	MSNLIB-NEGATIVE.mgf	0.825592	243269.0	0	50.3153	6	0.00961304	191.046	-1	temp/spectra_filtered.mgf8274	1	quinic acid (Chimeric precursor selection)	ESI	Orbitrap	Crude	Tomas Pluskal	Corinna Brungs	[M-H]-	191.056	192.063	1	N/A	N/A	O=C(O)C1(O)C[C@@H](O)C(O)[C@H](O)C1	InChI=1S/C7H12O6/c8-3-1-7(13,6(11)12)2-4(9)5(3)10/h3-5,8-10,13H,1-2H2,(H,11,12)/t3-,4-,5?,7?/m1/s1	AAWZDTNXLSGCEK-LNVDRNJUSA-N	1	Negative	MSNLIB-NEGATIVE	191.056	UPDATE-SINGLE-ANNOTATED-GOLD	Gold		C7H12O6	AAWZDTNXLSGCEK-LNVDRNJUSA-N	AAWZDTNXLSGCEK	Organic oxygen compounds	Organooxygen compounds	Alcohols and polyols	Phenolic acids (C6-C1)	Shikimic acids and derivatives|Simple phenolic acids	Shikimates and Phenylpropanoids	mzspec:GNPS:GNPS-LIBRARY:CCMSLIB00012353999
CCMSLIB00012434145	2588	spectra_filtered.mgf	MSNLIB-NEGATIVE.mgf	0.825104	112278.0	0	0.556403	6	0.000183105	329.088	-1	temp/spectra_filtered.mgf2588	1	VANILLIC ACID 4-BETA-D-GLUCOSIDE	ESI	Orbitrap	Isolated	Tomas Pluskal	Corinna Brungs	[M-H]-	329.088	330.095	1	N/A	N/A	COc1c(OC2OC(CO)C(O)C(O)C2O)ccc(C(=O)O)c1	InChI=1S/C14H18O9/c1-21-8-4-6(13(19)20)2-3-7(8)22-14-12(18)11(17)10(16)9(5-15)23-14/h2-4,9-12,14-18H,5H2,1H3,(H,19,20)	JYFOSWJYZIVJPO-UHFFFAOYSA-N	1	Negative	MSNLIB-NEGATIVE	329.088	UPDATE-SINGLE-ANNOTATED-GOLD	Gold		C14H18O9	JYFOSWJYZIVJPO-UHFFFAOYSA-N	JYFOSWJYZIVJPO	Phenylpropanoids and polyketides	Tannins	Hydrolyzable tannins	Phenolic acids (C6-C1)	Simple phenolic acids	Shikimates and Phenylpropanoids	mzspec:GNPS:GNPS-LIBRARY:CCMSLIB00012434145
CCMSLIB00012412525	5974	spectra_filtered.mgf	MSNLIB-NEGATIVE.mgf	0.824833	688951.0	0	2.80869	11	0.00131226	467.214	-1	temp/spectra_filtered.mgf5974	1	CHEBI:182041	ESI	Orbitrap	Isolated	Tomas Pluskal	Corinna Brungs	[M+FA]-	467.213	422.215	1	N/A	N/A	C=CC(CCCCC)O[C@@H]1O[C@H](CO[C@@H]2OC[C@](O)(CO)[C@H]2O)[C@@H](O)[C@H](O)[C@H]1O	InChI=1S/C19H34O10/c1-3-5-6-7-11(4-2)28-17-15(23)14(22)13(21)12(29-17)8-26-18-16(24)19(25,9-20)10-27-18/h4,11-18,20-25H,2-3,5-10H2,1H3/t11?,12-,13-,14+,15-,16+,17-,18-,19-/m1/s1	MUPQSGHACLOUTE-PARKKQJRSA-N	1	Negative	MSNLIB-NEGATIVE	467.213	UPDATE-SINGLE-ANNOTATED-GOLD	Gold		C19H34O10	MUPQSGHACLOUTE-PARKKQJRSA-N	MUPQSGHACLOUTE	Lipids and lipid-like molecules	Fatty Acyls	Fatty acyl glycosides	Fatty acyl glycosides	Fatty acyl glycosides of mono- and disaccharides	Fatty acids	mzspec:GNPS:GNPS-LIBRARY:CCMSLIB00012412525
CCMSLIB00005724857	6468	spectra_filtered.mgf	GNPS-LIBRARY.mgf	0.823272	243229.0	0	0.466319	9	0.000152588	327.218	-1	temp/spectra_filtered.mgf6468	1	(10E,15E)-9,12,13-trihydroxyoctadeca-10,15-dienoic acid	ESI	Orbitrap	Isolated	Wolfender	Luis Quiros-Guerrero	M-H	327.218	328.225	-1	N/A	N/A	CC/C=C/CC(C(/C=C/C(CCCCCCCC(O)=O)O)O)O	InChI=1S/C18H32O5/c1-2-3-7-11-16(20)17(21)14-13-15(19)10-8-5-4-6-9-12-18(22)23/h3,7,13-17,19-21H,2,4-6,8-12H2,1H3,(H,22,23)	N/A	1	Negative	GNPS-LIBRARY	327.218	UPDATE-SINGLE-ANNOTATED-GOLD	Gold		C18H32O5	MKYUCBXUUSZMQB-NMABCHCUSA-N	MKYUCBXUUSZMQB	Lipids and lipid-like molecules	Fatty Acyls	Lineolic acids and derivatives	Octadecanoids	Other Octadecanoids	Fatty acids	mzspec:GNPS:GNPS-LIBRARY:CCMSLIB00005724857
CCMSLIB00012424165	4567	spectra_filtered.mgf	MSNLIB-NEGATIVE.mgf	0.818709	199060.0	0	2.67998	6	0.0010376	387.167	-1	temp/spectra_filtered.mgf4567	1	MEGxp0_000347	ESI	Orbitrap	Isolated	Tomas Pluskal	Corinna Brungs	[M-H]-	387.166	388.173	1	N/A	N/A	O=C(O)C[C@H]1CCC(=O)[C@@H]1C/C=C\CCOC1OC(CO)C(O)C(O)C1O	InChI=1S/C18H28O9/c19-9-13-15(23)16(24)17(25)18(27-13)26-7-3-1-2-4-11-10(8-14(21)22)5-6-12(11)20/h1-2,10-11,13,15-19,23-25H,3-9H2,(H,21,22)/b2-1-/t10-,11-,13?,15?,16?,17?,18?/m1/s1	JFDNMLUPLXZXGV-YAYCWVCRSA-N	1	Negative	MSNLIB-NEGATIVE	387.166	UPDATE-SINGLE-ANNOTATED-GOLD	Gold		C18H28O9	JFDNMLUPLXZXGV-YAYCWVCRSA-N	JFDNMLUPLXZXGV	Lipids and lipid-like molecules	Fatty Acyls	Fatty acyl glycosides	Fatty acyl glycosides	Fatty acyl glycosides of mono- and disaccharides	Fatty acids	mzspec:GNPS:GNPS-LIBRARY:CCMSLIB00012424165
CCMSLIB00012732702	7405	spectra_filtered.mgf	MSNLIB-NEGATIVE.mgf	0.816411	576377.0	0	60.9983	6	0.0189819	311.169	-1	temp/spectra_filtered.mgf7405	1	AKOS033404986 (Chimeric precursor selection)	ESI	Orbitrap	Commercial	Tomas Pluskal	Corinna Brungs	[M-H]-	311.188	312.195	-1	N/A	N/A	Cc1cc2c(cc1)ncnc2NC1CCN(C2CCOC2)CC1	InChI=1S/C18H24N4O/c1-13-2-3-17-16(10-13)18(20-12-19-17)21-14-4-7-22(8-5-14)15-6-9-23-11-15/h2-3,10,12,14-15H,4-9,11H2,1H3,(H,19,20,21)	AFGZMGALFIMDHZ-UHFFFAOYSA-N	1	Negative	MSNLIB-NEGATIVE	311.188	UPDATE-SINGLE-ANNOTATED-GOLD	Gold		C18H24N4O	AFGZMGALFIMDHZ-UHFFFAOYSA-N	AFGZMGALFIMDHZ	Organoheterocyclic compounds	Diazanaphthalenes	Benzodiazines	Tryptophan alkaloids		Alkaloids	mzspec:GNPS:GNPS-LIBRARY:CCMSLIB00012732702
CCMSLIB00011428418	7459	spectra_filtered.mgf	NEO-MSMS.mgf	0.810473	2876640.0	0	2.53308	9	0.000793457	313.239	-1	temp/spectra_filtered.mgf7459	1	9_10_DiHOME	ESI	Orbitrap	Commercial	J.M.Galano	A.Elloumi	M-H	313.238	314.246	1	N/A	N/A	O[C@H](C/C=C\CCCCC)[C@H](O)CCCCCCCC(O)=O	InChI=1S/C18H34O4/c1-2-3-4-5-7-10-13-16(19)17(20)14-11-8-6-9-12-15-18(21)22/h7,10,16-17,19-20H,2-6,8-9,11-15H2,1H3,(H,21,22)/b10-7-/t16-,17-/m1/s1	N/A	1	Negative	NEO-MSMS	313.238	UPDATE-SINGLE-ANNOTATED-GOLD	Gold		C18H34O4	XEBKSQSGNGRGDW-GJWDQICYSA-N	XEBKSQSGNGRGDW	Lipids and lipid-like molecules	Fatty Acyls	Fatty acids and conjugates	Octadecanoids	Other Octadecanoids	Fatty acids	mzspec:GNPS:GNPS-LIBRARY:CCMSLIB00011428418
CCMSLIB00012353195	3677	spectra_filtered.mgf	MSNLIB-NEGATIVE.mgf	0.809842	1187650.0	0	2.91522	6	0.000854492	293.115	-1	temp/spectra_filtered.mgf3677	1	H-gamma-glu-phe-oh	ESI	Orbitrap	Crude	Tomas Pluskal	Corinna Brungs	[M-H]-	293.114	294.122	1	N/A	N/A	N[C@@H](CCC(=O)N[C@@H](Cc1ccccc1)C(=O)O)C(=O)O	InChI=1S/C14H18N2O5/c15-10(13(18)19)6-7-12(17)16-11(14(20)21)8-9-4-2-1-3-5-9/h1-5,10-11H,6-8,15H2,(H,16,17)(H,18,19)(H,20,21)/t10-,11-/m0/s1	XHHOHZPNYFQJKL-QWRGUYRKSA-N	1	Negative	MSNLIB-NEGATIVE	293.114	UPDATE-SINGLE-ANNOTATED-GOLD	Gold		C14H18N2O5	XHHOHZPNYFQJKL-QWRGUYRKSA-N	XHHOHZPNYFQJKL	Organic acids and derivatives	Carboxylic acids and derivatives	Amino acids, peptides, and analogues	Small peptides	Dipeptides	Amino acids and Peptides	mzspec:GNPS:GNPS-LIBRARY:CCMSLIB00012353195
CCMSLIB00012732699	9787	spectra_filtered.mgf	MSNLIB-NEGATIVE.mgf	0.808339	232809.0	0	60.7041	6	0.0188904	311.169	-1	temp/spectra_filtered.mgf9787	1	AKOS033404986	ESI	Orbitrap	Commercial	Tomas Pluskal	Corinna Brungs	[M-H]-	311.188	312.195	-1	N/A	N/A	Cc1cc2c(cc1)ncnc2NC1CCN(C2CCOC2)CC1	InChI=1S/C18H24N4O/c1-13-2-3-17-16(10-13)18(20-12-19-17)21-14-4-7-22(8-5-14)15-6-9-23-11-15/h2-3,10,12,14-15H,4-9,11H2,1H3,(H,19,20,21)	AFGZMGALFIMDHZ-UHFFFAOYSA-N	1	Negative	MSNLIB-NEGATIVE	311.188	UPDATE-SINGLE-ANNOTATED-GOLD	Gold		C18H24N4O	AFGZMGALFIMDHZ-UHFFFAOYSA-N	AFGZMGALFIMDHZ	Organoheterocyclic compounds	Diazanaphthalenes	Benzodiazines	Tryptophan alkaloids		Alkaloids	mzspec:GNPS:GNPS-LIBRARY:CCMSLIB00012732699
CCMSLIB00006126430	1410	spectra_filtered.mgf	BIRMINGHAM-UHPLC-MS-NEG.mgf	0.805001	568773.0	0	2.23855	6	0.000579834	259.023	-1	temp/spectra_filtered.mgf1410	1	Glucose 6-phosphate - 40.0 eV	ESI	Orbitrap	Isolated	PI	Data Collector	M+H	259.022	0.0	1		N/A	C([C@H]([C@H]([C@@H]([C@H](C=O)O)O)O)O)OP(=O)([O-])[O-]	InChI=1S/C6H13O9P/c7-1-3(8)5(10)6(11)4(9)2-15-16(12,13)14/h1,3-6,8-11H,2H2,(H2,12,13,14)/p-2/t3-,4+,5+,6+/m0/s1	N/A	1	Negative	BIRMINGHAM-UHPLC-MS-NEG	259.022	UPDATE-SINGLE-ANNOTATED-GOLD	Gold		C6H11O9P-2	VFRROHXSMXFLSN-SLPGGIOYSA-L	VFRROHXSMXFLSN	Organic oxygen compounds	Organooxygen compounds	Carbohydrates and carbohydrate conjugates	Saccharides	Monosaccharides	Carbohydrates	mzspec:GNPS:GNPS-LIBRARY:CCMSLIB00006126430
CCMSLIB00012340698	3786	spectra_filtered.mgf	MSNLIB-NEGATIVE.mgf	0.804292	143393.0	0	2.75657	10	0.000915527	332.126	-1	temp/spectra_filtered.mgf3786	1	Oglufanide	ESI	Orbitrap	Crude	Tomas Pluskal	Corinna Brungs	[M-H]-	332.125	333.132	1	N/A	N/A	N[C@@H](CCC(=O)O)C(=O)N[C@@H](Cc1c[nH]c2ccccc12)C(=O)O	InChI=1S/C16H19N3O5/c17-11(5-6-14(20)21)15(22)19-13(16(23)24)7-9-8-18-12-4-2-1-3-10(9)12/h1-4,8,11,13,18H,5-7,17H2,(H,19,22)(H,20,21)(H,23,24)/t11-,13-/m0/s1	LLEUXCDZPQOJMY-AAEUAGOBSA-N	1	Negative	MSNLIB-NEGATIVE	332.125	UPDATE-SINGLE-ANNOTATED-GOLD	Gold		C16H19N3O5	LLEUXCDZPQOJMY-AAEUAGOBSA-N	LLEUXCDZPQOJMY	Organic acids and derivatives	Carboxylic acids and derivatives	Amino acids, peptides, and analogues	Small peptides	Dipeptides	Amino acids and Peptides	mzspec:GNPS:GNPS-LIBRARY:CCMSLIB00012340698
CCMSLIB00005740058	6806	spectra_filtered.mgf	MASSBANK.mgf	0.803486	209317.0	0	5.76197	9	0.00177002	307.192	-1	temp/spectra_filtered.mgf6806	1	Massbank:PR309076 FA 18:4+2O	ESI	qTof	Isolated	Massbank	Massbank	M-H	307.19	0.0	1	N/A	N/A	O=C(O)CCCCCCCC(=O)C=CC=CC=CC(O)CC	1S/C18H28O4/c1-2-16(19)12-8-6-7-10-14-17(20)13-9-4-3-5-11-15-18(21)22/h6-8,10,12,14,16,19H,2-5,9,11,13,15H2,1H3,(H,21,22)	N/A	3	Negative	MASSBANK	307.19	UPDATE-SINGLE-ANNOTATED-BRONZE	Bronze		C18H28O4	KLFMLBSZQZVKDC-UHFFFAOYSA-N	KLFMLBSZQZVKDC	Lipids and lipid-like molecules	Fatty Acyls	Lineolic acids and derivatives	Fatty Acids and Conjugates	Oxo fatty acids	Fatty acids	mzspec:GNPS:GNPS-LIBRARY:CCMSLIB00005740058
CCMSLIB00006116053	6394	spectra_filtered.mgf	BIRMINGHAM-UHPLC-MS-NEG.mgf	0.798768	636939.0	0	2.7223	9	0.000732422	269.046	-1	temp/spectra_filtered.mgf6394	1	Genistein - 40.0 eV	ESI	Orbitrap	Isolated	PI	Data Collector	M-H	269.045	0.0	1		N/A	c1cc(ccc1c2coc3cc(cc(c3c2=O)O)O)O	InChI=1S/C15H10O5/c16-9-3-1-8(2-4-9)11-7-20-13-6-10(17)5-12(18)14(13)15(11)19/h1-7,16-18H	N/A	1	Negative	BIRMINGHAM-UHPLC-MS-NEG	269.045	UPDATE-SINGLE-ANNOTATED-GOLD	Gold		C15H10O5	TZBJGXHYKVUXJN-UHFFFAOYSA-N	TZBJGXHYKVUXJN	Phenylpropanoids and polyketides	Isoflavonoids	Isoflav-2-enes	Isoflavonoids	Isoflavones	Shikimates and Phenylpropanoids	mzspec:GNPS:GNPS-LIBRARY:CCMSLIB00006116053
CCMSLIB00012306157	4181	spectra_filtered.mgf	MSNLIB-NEGATIVE.mgf	0.795101	149640.0	0	2.29715	8	0.000762939	332.126	-1	temp/spectra_filtered.mgf4181	1	Golotimod	ESI	Orbitrap	Crude	Tomas Pluskal	Corinna Brungs	[M-H]-	332.125	333.132	1	N/A	N/A	N[C@H](CCC(=O)N[C@@H](Cc1c[nH]c2ccccc12)C(=O)O)C(=O)O	InChI=1S/C16H19N3O5/c17-11(15(21)22)5-6-14(20)19-13(16(23)24)7-9-8-18-12-4-2-1-3-10(9)12/h1-4,8,11,13,18H,5-7,17H2,(H,19,20)(H,21,22)(H,23,24)/t11-,13+/m1/s1	CATMPQFFVNKDEY-YPMHNXCESA-N	1	Negative	MSNLIB-NEGATIVE	332.125	UPDATE-SINGLE-ANNOTATED-GOLD	Gold		C16H19N3O5	CATMPQFFVNKDEY-YPMHNXCESA-N	CATMPQFFVNKDEY	Organic acids and derivatives	Carboxylic acids and derivatives	Amino acids, peptides, and analogues	Small peptides	Dipeptides	Amino acids and Peptides	mzspec:GNPS:GNPS-LIBRARY:CCMSLIB00012306157
CCMSLIB00013639337	3939	spectra_filtered.mgf	WINE-DB-ORBITRAP.mgf	0.793543	395948.0	0	32.2257	7	0.0142822	443.179	-1	temp/spectra_filtered.mgf3939	1	(1?R,3?R,5?R,8?S)-epi-Dihydrophaseic_acid_b-D-glucoside	ESI	Orbitrap	Isolated	Axel_Marchal	TE_MLS	M+H	443.193	444.47	1	711029-33-3	N/A	C(=C/C(=C\C(O)=O)/C)\[C@]1(O)[C@]2(C)C[C@@H](O[C@@H]3O[C@H](CO)[C@@H](O)[C@H](O)[C@H]3O)C[C@@]1(C)OC2	InChI=1S/C21H32O10/c1-11(6-14(23)24)4-5-21(28)19(2)7-12(8-20(21,3)29-10-19)30-18-17(27)16(26)15(25)13(9-22)31-18/h4-6,12-13,15-18,22,25-28H,7-10H2,1-3H3,(H,23,24)/b5-4+,11-6-/t12-,13-,15-,16+,17-,18-,19-,20-,21+/m1/s1	N/A	1	Negative	WINE-DB-ORBITRAP	443.193	UPDATE-SINGLE-ANNOTATED-GOLD	Gold		C21H32O10	UHHVHDDICOEBTQ-QCJIOVKVSA-N	UHHVHDDICOEBTQ	Lipids and lipid-like molecules	Prenol lipids	Sesquiterpenoids	Apocarotenoids	Apocarotenoids(ε-)	Terpenoids	mzspec:GNPS:GNPS-LIBRARY:CCMSLIB00013639337
CCMSLIB00012431027	3565	spectra_filtered.mgf	MSNLIB-NEGATIVE.mgf	0.793007	225593.0	0	29.7469	8	0.0131836	443.179	-1	temp/spectra_filtered.mgf3565	1	CHEBI:181716	ESI	Orbitrap	Isolated	Tomas Pluskal	Corinna Brungs	[M-H]-	443.192	444.2	1	N/A	N/A	CC(=C/C(=O)O)/C=C/[C@]1(O)[C@@]2(C)CO[C@]1(C)C[C@H](O[C@@H]1O[C@H](CO)[C@@H](O)[C@H](O)[C@H]1O)C2	InChI=1S/C21H32O10/c1-11(6-14(23)24)4-5-21(28)19(2)7-12(8-20(21,3)29-10-19)30-18-17(27)16(26)15(25)13(9-22)31-18/h4-6,12-13,15-18,22,25-28H,7-10H2,1-3H3,(H,23,24)/b5-4+,11-6-/t12-,13-,15-,16+,17-,18-,19-,20-,21+/m1/s1	UHHVHDDICOEBTQ-QCJIOVKVSA-N	1	Negative	MSNLIB-NEGATIVE	443.192	UPDATE-SINGLE-ANNOTATED-GOLD	Gold		C21H32O10	UHHVHDDICOEBTQ-QCJIOVKVSA-N	UHHVHDDICOEBTQ	Lipids and lipid-like molecules	Prenol lipids	Sesquiterpenoids	Apocarotenoids	Apocarotenoids(ε-)	Terpenoids	mzspec:GNPS:GNPS-LIBRARY:CCMSLIB00012431027
CCMSLIB00006684604	3243	spectra_filtered.mgf	MONA.mgf	0.789568	335291.0	0	0.109343	10	3.05176e-05	279.099	-1	temp/spectra_filtered.mgf3243	1	ASP-PHE	ESI	qTof	isolated	MoNA	MoNA:MoNA035590	M-H	279.099	0.0	1	N/A	N/A	C1=CC=C(C=C1)C[C@@H](C(=O)O)/N=C(/[C@H](CC(=O)O)N)\O	"""InChI=1S/C13H16N2O5/c14-9(7-11(16)17)12(18)15-10(13(19)20)6-8-4-2-1-3-5-8/h1-5,9-10H,6-7,14H2,(H,15,18)(H,16,17)(H,19,20)/t9-,10-/m0/s1"""	N/A	3	negative	MONA	279.099	UPDATE-SINGLE-ANNOTATED-BRONZE	Bronze		C13H16N2O5	YZQCXOFQZKCETR-UWVGGRQHSA-N	YZQCXOFQZKCETR	Organic acids and derivatives	Carboxylic acids and derivatives	Amino acids, peptides, and analogues	Small peptides	Aminoacids|Dipeptides	Amino acids and Peptides|Shikimates and Phenylpropanoids	mzspec:GNPS:GNPS-LIBRARY:CCMSLIB00006684604
CCMSLIB00010059802	8027	spectra_filtered.mgf	PNNL-LIPIDS-NEGATIVE.mgf	0.789319	308732.0	0	1.40965	6	0.000671387	476.279	-1	temp/spectra_filtered.mgf8027	1	PE(18:2/0:0); [M-H]- C23H43N1O7P1	LC-ESI	HCD; Lumos	Commercial	Thomas Metz	Thomas Metz	M-H	476.278	0.0	1	N/A	N/A	N/A	N/A	N/A	1	Negative	PNNL-LIPIDS-NEGATIVE	476.278	UPDATE-SINGLE-ANNOTATED-GOLD	Gold		N/A	N/A	N/A	N/A	N/A	N/A	N/A	N/A	N/A	mzspec:GNPS:GNPS-LIBRARY:CCMSLIB00010059802
CCMSLIB00012344271	6432	spectra_filtered.mgf	MSNLIB-NEGATIVE.mgf	0.788962	90952.5	0	0.652315	6	0.00012207	187.134	-1	temp/spectra_filtered.mgf6432	1	5-HYDROXYDECANOIC ACID	ESI	Orbitrap	Crude	Tomas Pluskal	Corinna Brungs	[M-H]-	187.134	188.141	1	N/A	N/A	CCCCCC(O)CCCC(=O)O	InChI=1S/C10H20O3/c1-2-3-4-6-9(11)7-5-8-10(12)13/h9,11H,2-8H2,1H3,(H,12,13)	LMHJFKYQYDSOQO-UHFFFAOYSA-N	1	Negative	MSNLIB-NEGATIVE	187.134	UPDATE-SINGLE-ANNOTATED-GOLD	Gold		C10H20O3	LMHJFKYQYDSOQO-UHFFFAOYSA-N	LMHJFKYQYDSOQO	Lipids and lipid-like molecules	Fatty Acyls	Fatty acids and conjugates	Fatty Acids and Conjugates	Hydroxy fatty acids	Fatty acids	mzspec:GNPS:GNPS-LIBRARY:CCMSLIB00012344271
CCMSLIB00010121690	8638	spectra_filtered.mgf	BERKELEY-LAB.mgf	0.787585	147567.0	0	2.34208	10	0.00128174	547.267	-1	temp/spectra_filtered.mgf8638	1	Antipiricullin CollisionEnergy:205060	LC-ESI	Orbitrap	Commercial	Trent Northen	JGI	M-H	547.266	0.0	1	N/A	N/A	CCCCCCC1C(=O)OC(C)C(N=C(O)c2cccc(N=CO)c2O)C(=O)OC(C)C1OC(=O)CC(C)C	"""InChI=1S/C28H40N2O9/c1-6-7-8-9-11-20-25(39-22(32)14-16(2)3)18(5)38-28(36)23(17(4)37-27(20)35)30-26(34)19-12-10-13-21(24(19)33)29-15-31/h10,12-13,15-18,20,23,25,33H,6-9,11,14H2,1-5H3,(H,29,31)(H,30,34)/t17-,18+,20-,23+,25+/m1/s1"""	N/A	3	Negative	BERKELEY-LAB	547.266	UPDATE-SINGLE-ANNOTATED-BRONZE	Bronze		C28H40N2O9	UIFFUZWRFRDZJC-UHFFFAOYSA-N	UIFFUZWRFRDZJC	Benzenoids	Benzene and substituted derivatives	Benzoic acids and derivatives	Macrolides		Polyketides	mzspec:GNPS:GNPS-LIBRARY:CCMSLIB00010121690
CCMSLIB00004696562	6438	spectra_filtered.mgf	MONA.mgf	0.78181	224932.0	0	1.93888	9	0.000579834	299.057	-1	temp/spectra_filtered.mgf6438	1	(2Z)-4,6-dihydroxy-2-[(3-hydroxy-4-methoxyphenyl)methylidene]-1-benzofuran-3-one	N/A	ESI-QFT	isolated	MoNA	MoNA:VF-NPL-QEHF005499	[M-H]-	299.056	0.0	1	N/A	N/A	COc1ccc(/C=C2\Oc3cc(O)cc(O)c3C2=O)cc1O	InChI=1S/C16H12O6/c1-21-12-3-2-8(4-10(12)18)5-14-16(20)15-11(19)6-9(17)7-13(15)22-14/h2-7,17-19H,1H3/b14-5-	N/A	3	negative	MONA	299.056	UPDATE-SINGLE-ANNOTATED-BRONZE	Bronze		C16H12O6	WKEOZXMSVNVPCM-RZNTYIFUSA-N	WKEOZXMSVNVPCM	N/A	N/A	N/A	Flavonoids	Aurones	Shikimates and Phenylpropanoids	mzspec:GNPS:GNPS-LIBRARY:CCMSLIB00004696562
CCMSLIB00012304504	6111	spectra_filtered.mgf	MSNLIB-NEGATIVE.mgf	0.778743	278696.0	0	2.37188	7	0.000671387	283.062	-1	temp/spectra_filtered.mgf6111	1	Calycosin	ESI	Orbitrap	Crude	Tomas Pluskal	Corinna Brungs	[M-H]-	283.061	284.068	1	N/A	N/A	COc1c(O)cc(-c2coc3c(ccc(O)c3)c2=O)cc1	InChI=1S/C16H12O5/c1-20-14-5-2-9(6-13(14)18)12-8-21-15-7-10(17)3-4-11(15)16(12)19/h2-8,17-18H,1H3	ZZAJQOPSWWVMBI-UHFFFAOYSA-N	1	Negative	MSNLIB-NEGATIVE	283.061	UPDATE-SINGLE-ANNOTATED-GOLD	Gold		C16H12O5	ZZAJQOPSWWVMBI-UHFFFAOYSA-N	ZZAJQOPSWWVMBI	Phenylpropanoids and polyketides	Isoflavonoids	O-methylated isoflavonoids	Isoflavonoids	Isoflavones	Shikimates and Phenylpropanoids	mzspec:GNPS:GNPS-LIBRARY:CCMSLIB00012304504
CCMSLIB00005744704	2496	spectra_filtered.mgf	MASSBANK.mgf	0.772724	924318.0	0	2.36946	7	0.000732422	309.11	-1	temp/spectra_filtered.mgf2496	1	Massbank:PR309407 Glutamyltyrosine	ESI	qTof	Isolated	Massbank	Massbank	M-H	309.109	0.0	1	N/A	N/A	O=C(O)C(N)CCC(=O)NC(C(=O)O)CC1=CC=C(O)C=C1	1S/C14H18N2O6/c15-10(13(19)20)5-6-12(18)16-11(14(21)22)7-8-1-3-9(17)4-2-8/h1-4,10-11,17H,5-7,15H2,(H,16,18)(H,19,20)(H,21,22)	N/A	3	Negative	MASSBANK	309.109	UPDATE-SINGLE-ANNOTATED-BRONZE	Bronze		C14H18N2O6	VVLXCWVSSLFQDS-UHFFFAOYSA-N	VVLXCWVSSLFQDS	Organic acids and derivatives	Carboxylic acids and derivatives	Amino acids, peptides, and analogues	Small peptides	Dipeptides	Amino acids and Peptides	mzspec:GNPS:GNPS-LIBRARY:CCMSLIB00005744704
CCMSLIB00004719813	1835	spectra_filtered.mgf	MONA.mgf	0.770951	1394950.0	0	0.0887036	6	3.05176e-05	344.04	-1	temp/spectra_filtered.mgf1835	1	Guanosine cyclic monophosphate	N/A	ESI-QTOF	isolated	MoNA	MoNA:VF-NPL-QTOF002032	[M-H]-	344.04	0.0	1	N/A	N/A	N=c1nc(O)c2ncn([C@@H]3O[C@@H]4COP(=O)(O)O[C@H]4[C@H]3O)c2[nH]1	InChI=1S/C10H12N5O7P/c11-10-13-7-4(8(17)14-10)12-2-15(7)9-5(16)6-3(21-9)1-20-23(18,19)22-6/h2-3,5-6,9,16H,1H2,(H,18,19)(H3,11,13,14,17)/t3-,5-,6-,9-/m1/s1	N/A	3	negative	MONA	344.04	UPDATE-SINGLE-ANNOTATED-BRONZE	Bronze		C10H12N5O7P	ZOOGRGPOEVQQDX-UUOKFMHZSA-N	ZOOGRGPOEVQQDX	Nucleosides, nucleotides, and analogues	Purine nucleotides	Cyclic purine nucleotides			Alkaloids	mzspec:GNPS:GNPS-LIBRARY:CCMSLIB00004719813
CCMSLIB00012350731	790	spectra_filtered.mgf	MSNLIB-NEGATIVE.mgf	0.762359	5269840.0	0	1.89814	6	0.000411987	217.048	-1	temp/spectra_filtered.mgf790	1	dulcitol	ESI	Orbitrap	Crude	Tomas Pluskal	Corinna Brungs	[M+Cl]-	217.048	182.079	1	N/A	N/A	OC[C@@H](O)[C@H](O)[C@H](O)[C@@H](O)CO	InChI=1S/C6H14O6/c7-1-3(9)5(11)6(12)4(10)2-8/h3-12H,1-2H2/t3-,4+,5+,6-	FBPFZTCFMRRESA-GUCUJZIJSA-N	1	Negative	MSNLIB-NEGATIVE	217.048	UPDATE-SINGLE-ANNOTATED-GOLD	Gold		C6H14O6	FBPFZTCFMRRESA-GUCUJZIJSA-N	FBPFZTCFMRRESA	Organic oxygen compounds	Organooxygen compounds	Carbohydrates and carbohydrate conjugates	Saccharides	Monosaccharides	Carbohydrates	mzspec:GNPS:GNPS-LIBRARY:CCMSLIB00012350731
CCMSLIB00003136330	7602	spectra_filtered.mgf	GNPS-NIST14-MATCHES.mgf	0.758965	2023730.0	0	6.94438	9	0.00396729	571.29	-1	temp/spectra_filtered.mgf7602	1	Spectral Match to 1-Hexadecanoyl-sn-glycero-3-phospho-(1'-myo-inositol) from NIST14	ESI	Ion Trap	Isolated	Data from Pieter Dorrestein;Ajit Jadhav	Data deposited by lfnothias	M-H	571.294	572.296	1	106182201	N/A	CCCCCCCCCCCCCCCC(=O)OC[C@H](COP(=O)(O)OC1[C@@H]([C@H](C([C@H]([C@H]1O)O)O)O)O)O	InChI=1S/C25H49O12P/c1-2-3-4-5-6-7-8-9-10-11-12-13-14-15-19(27)35-16-18(26)17-36-38(33,34)37-25-23(31)21(29)20(28)22(30)24(25)32/h18,20-26,28-32H,2-17H2,1H3,(H,33,34)/t18-,20?,21-,22+,23-,24-,25?/m1/s1	N/A	3	Negative	GNPS-NIST14-MATCHES	571.294	UPDATE-SINGLE-ANNOTATED-BRONZE	Bronze		C25H49O12P	UOXRPRZMAROFPH-IESLQMLBSA-N	UOXRPRZMAROFPH	Lipids and lipid-like molecules	Glycerophospholipids	Glycerophosphoinositols	Glycerophospholipids	Glycerophosphoinositols	Fatty acids	mzspec:GNPS:GNPS-LIBRARY:CCMSLIB00003136330
CCMSLIB00013639610	2608	spectra_filtered.mgf	WINE-DB-QTOF.mgf	0.757644	109645.0	0	34.9821	7	0.0133667	382.114	-1	temp/spectra_filtered.mgf2608	1	R-N6-succinyladenosine	ESI	qTof	Isolated	Axel_Marchal	TE_MLS	M-H	382.101	383.31	1	132154-36-0	N/A	O[C@H]1[C@H](N2C=3C(N=C2)=C(N[C@H](CC(O)=O)C(O)=O)N=CN3)O[C@H](CO)[C@H]1O	InChI=1S/C14H17N5O8/c20-2-6-9(23)10(24)13(27-6)19-4-17-8-11(15-3-16-12(8)19)18-5(14(25)26)1-7(21)22/h3-6,9-10,13,20,23-24H,1-2H2,(H,21,22)(H,25,26)(H,15,16,18)/t5-,6-,9-,10-,13-/m1/s1	N/A	1	Negative	WINE-DB-QTOF	382.101	UPDATE-SINGLE-ANNOTATED-GOLD	Gold		C14H17N5O8	VKGZCEJTCKHMRL-KFRZGLEESA-N	VKGZCEJTCKHMRL	N/A	N/A	N/A	Nucleosides	Purine nucleos(t)ides	Carbohydrates	mzspec:GNPS:GNPS-LIBRARY:CCMSLIB00013639610
CCMSLIB00003136330	7307	spectra_filtered.mgf	GNPS-NIST14-MATCHES.mgf	0.754355	1563820.0	0	7.37173	8	0.00421143	571.29	-1	temp/spectra_filtered.mgf7307	1	Spectral Match to 1-Hexadecanoyl-sn-glycero-3-phospho-(1'-myo-inositol) from NIST14	ESI	Ion Trap	Isolated	Data from Pieter Dorrestein;Ajit Jadhav	Data deposited by lfnothias	M-H	571.294	572.296	1	106182201	N/A	CCCCCCCCCCCCCCCC(=O)OC[C@H](COP(=O)(O)OC1[C@@H]([C@H](C([C@H]([C@H]1O)O)O)O)O)O	InChI=1S/C25H49O12P/c1-2-3-4-5-6-7-8-9-10-11-12-13-14-15-19(27)35-16-18(26)17-36-38(33,34)37-25-23(31)21(29)20(28)22(30)24(25)32/h18,20-26,28-32H,2-17H2,1H3,(H,33,34)/t18-,20?,21-,22+,23-,24-,25?/m1/s1	N/A	3	Negative	GNPS-NIST14-MATCHES	571.294	UPDATE-SINGLE-ANNOTATED-BRONZE	Bronze		C25H49O12P	UOXRPRZMAROFPH-IESLQMLBSA-N	UOXRPRZMAROFPH	Lipids and lipid-like molecules	Glycerophospholipids	Glycerophosphoinositols	Glycerophospholipids	Glycerophosphoinositols	Fatty acids	mzspec:GNPS:GNPS-LIBRARY:CCMSLIB00003136330
CCMSLIB00003136330	6711	spectra_filtered.mgf	GNPS-NIST14-MATCHES.mgf	0.751811	390092.0	0	7.37173	7	0.00421143	571.29	-1	temp/spectra_filtered.mgf6711	1	Spectral Match to 1-Hexadecanoyl-sn-glycero-3-phospho-(1'-myo-inositol) from NIST14	ESI	Ion Trap	Isolated	Data from Pieter Dorrestein;Ajit Jadhav	Data deposited by lfnothias	M-H	571.294	572.296	1	106182201	N/A	CCCCCCCCCCCCCCCC(=O)OC[C@H](COP(=O)(O)OC1[C@@H]([C@H](C([C@H]([C@H]1O)O)O)O)O)O	InChI=1S/C25H49O12P/c1-2-3-4-5-6-7-8-9-10-11-12-13-14-15-19(27)35-16-18(26)17-36-38(33,34)37-25-23(31)21(29)20(28)22(30)24(25)32/h18,20-26,28-32H,2-17H2,1H3,(H,33,34)/t18-,20?,21-,22+,23-,24-,25?/m1/s1	N/A	3	Negative	GNPS-NIST14-MATCHES	571.294	UPDATE-SINGLE-ANNOTATED-BRONZE	Bronze		C25H49O12P	UOXRPRZMAROFPH-IESLQMLBSA-N	UOXRPRZMAROFPH	Lipids and lipid-like molecules	Glycerophospholipids	Glycerophosphoinositols	Glycerophospholipids	Glycerophosphoinositols	Fatty acids	mzspec:GNPS:GNPS-LIBRARY:CCMSLIB00003136330
CCMSLIB00012410167	7962	spectra_filtered.mgf	MSNLIB-NEGATIVE.mgf	0.751206	360217.0	0	0.559153	8	0.000274658	491.204	-1	temp/spectra_filtered.mgf7962	1	2-ethyl-4-[(z)-2-[(3-formamido-2-hydroxybenzoyl)amino]but-2-enoyl]oxy-3-(2-methylbutanoyloxy)pentanoic acid	ESI	Orbitrap	Isolated	Tomas Pluskal	Corinna Brungs	[M-H]-	491.204	492.211	1	N/A	N/A	C/C=C(\NC(=O)c1c(O)c(NC=O)ccc1)C(=O)OC(C)C(OC(=O)C(C)CC)C(CC)C(=O)O	InChI=1S/C24H32N2O9/c1-6-13(4)23(32)35-20(15(7-2)22(30)31)14(5)34-24(33)17(8-3)26-21(29)16-10-9-11-18(19(16)28)25-12-27/h8-15,20,28H,6-7H2,1-5H3,(H,25,27)(H,26,29)(H,30,31)/b17-8-	JLINBAUQGJKNRS-IUXPMGMMSA-N	1	Negative	MSNLIB-NEGATIVE	491.204	UPDATE-SINGLE-ANNOTATED-GOLD	Gold		C24H32N2O9	JLINBAUQGJKNRS-IUXPMGMMSA-N	JLINBAUQGJKNRS	Benzenoids	Benzene and substituted derivatives	Benzoic acids and derivatives	Macrolides	Antimycins	Amino acids and Peptides|Polyketides	mzspec:GNPS:GNPS-LIBRARY:CCMSLIB00012410167
CCMSLIB00006677399	3895	spectra_filtered.mgf	GNPS-NUTRI-METAB-FEM-NEG.mgf	0.737452	77449.2	0	0.56755	6	0.00012207	215.083	-1	temp/spectra_filtered.mgf3895	1	3S_2349_Tetrahydro_1h_pyrido_34b_indole_carboxylic_acid	ESI	Orbitrap	Commercial	Ulaszewska	Marynka Ulaszewska	M-H	215.083	216.09	-1	42438-90-4	449440.0	C1C(NCC2=C1C3=CC=CC=C3N2)C(=O)O	InChI=1S/C12H12N2O2/c15-12(16)10-5-8-7-3-1-2-4-9(7)14-11(8)6-13-10/h1-4,10,13-14H,5-6H2,(H,15,16)/t10-/m0/s1	N/A	1	Negative	GNPS-NUTRI-METAB-FEM-NEG	215.083	UPDATE-SINGLE-ANNOTATED-GOLD	Gold		C12H12N2O2	FSNCEEGOMTYXKY-UHFFFAOYSA-N	FSNCEEGOMTYXKY	Organoheterocyclic compounds	Indoles and derivatives	Pyridoindoles	Tryptophan alkaloids	Carboline alkaloids	Alkaloids	mzspec:GNPS:GNPS-LIBRARY:CCMSLIB00006677399
CCMSLIB00006679587	1606	spectra_filtered.mgf	MONA.mgf	0.734146	642917.0	0	3.18109	6	0.000595093	187.073	-1	temp/spectra_filtered.mgf1606	1	ALPHA-N-ACETYL-GLUTAMINE	ESI	Orbitrap	isolated	MoNA	MoNA:MoNA038311	M-H	187.072	0.0	1	N/A	N/A	C/C(=N/C(CCC(=N)O)C(=O)O)/O	"""InChI=1S/C7H12N2O4/c1-4(10)9-5(7(12)13)2-3-6(8)11/h5H,2-3H2,1H3,(H2,8,11)(H,9,10)(H,12,13)"""	N/A	3	negative	MONA	187.072	UPDATE-SINGLE-ANNOTATED-BRONZE	Bronze		C7H12N2O4	KSMRODHGGIIXDV-UHFFFAOYSA-N	KSMRODHGGIIXDV	Organic acids and derivatives	Carboxylic acids and derivatives	Amino acids, peptides, and analogues				mzspec:GNPS:GNPS-LIBRARY:CCMSLIB00006679587
CCMSLIB00006122258	4773	spectra_filtered.mgf	BIRMINGHAM-UHPLC-MS-NEG.mgf	0.730086	419489.0	0	65.2111	6	0.014679	225.114	-1	temp/spectra_filtered.mgf4773	1	L-Carnosine - 40.0 eV	ESI	Orbitrap	Isolated	PI	Data Collector	M-H	225.099	0.0	1		N/A	c1c(nc[nH]1)C[C@@H](C(=O)O)NC(=O)CCN	InChI=1S/C9H14N4O3/c10-2-1-8(14)13-7(9(15)16)3-6-4-11-5-12-6/h4-5,7H,1-3,10H2,(H,11,12)(H,13,14)(H,15,16)/t7-/m0/s1	N/A	1	Negative	BIRMINGHAM-UHPLC-MS-NEG	225.099	UPDATE-SINGLE-ANNOTATED-GOLD	Gold		C9H14N4O3	CQOVPNPJLQNMDC-ZETCQYMHSA-N	CQOVPNPJLQNMDC	Organic acids and derivatives	Peptidomimetics	Hybrid peptides	Small peptides	Dipeptides	Amino acids and Peptides	mzspec:GNPS:GNPS-LIBRARY:CCMSLIB00006122258
CCMSLIB00012418345	4374	spectra_filtered.mgf	MSNLIB-NEGATIVE.mgf	0.729651	118848.0	0	6.9474	6	0.00350952	505.16	-1	temp/spectra_filtered.mgf4374	1	CHEBI:181517	ESI	Orbitrap	Isolated	Tomas Pluskal	Corinna Brungs	[M+FA]-	505.156	460.158	1	N/A	N/A	O=C(Cc1ccccc1)OC[C@H]1O[C@H](O[C@H]2O[C@H](CO)[C@@H](O)[C@H](O)[C@H]2O)[C@H](O)[C@@H](O)[C@@H]1O	InChI=1S/C20H28O12/c21-7-10-13(23)15(25)17(27)19(30-10)32-20-18(28)16(26)14(24)11(31-20)8-29-12(22)6-9-4-2-1-3-5-9/h1-5,10-11,13-21,23-28H,6-8H2/t10-,11-,13-,14-,15+,16+,17-,18-,19-,20-/m1/s1	STSLPRRNSYCFTQ-JFRFVCMESA-N	1	Negative	MSNLIB-NEGATIVE	505.156	UPDATE-SINGLE-ANNOTATED-GOLD	Gold		C20H28O12	STSLPRRNSYCFTQ-JFRFVCMESA-N	STSLPRRNSYCFTQ	Organic oxygen compounds	Organooxygen compounds	Carbohydrates and carbohydrate conjugates				mzspec:GNPS:GNPS-LIBRARY:CCMSLIB00012418345
CCMSLIB00004691161	6748	spectra_filtered.mgf	MONA.mgf	0.724832	146070.0	0	0.63005	7	0.000366211	581.241	-1	temp/spectra_filtered.mgf6748	1	Biliverdin	N/A	ESI-QFT	isolated	MoNA	MoNA:VF-NPL-QEHF000098	[M-H]-	581.241	0.0	1	N/A	N/A	C=CC1=C(C)C(/C=c2\[nH]/c(=C\c3[nH]c(/C=C4\N=C(O)C(C)=C4C=C)c(C)c3CCC(=O)O)c(CCC(=O)O)c2C)=NC1=O	InChI=1S/C33H34N4O6/c1-7-20-19(6)32(42)37-27(20)14-25-18(5)23(10-12-31(40)41)29(35-25)15-28-22(9-11-30(38)39)17(4)24(34-28)13-26-16(3)21(8-2)33(43)36-26/h7-8,13-15,34-35H,1-2,9-12H2,3-6H3,(H,37,42)(H,38,39)(H,40,41)/b24-13-,27-14-,28-15-	N/A	3	negative	MONA	581.241	UPDATE-SINGLE-ANNOTATED-BRONZE	Bronze		C33H34N4O6	RCNSAJSGRJSBKK-NSQVQWHSSA-N	RCNSAJSGRJSBKK	Organoheterocyclic compounds	Tetrapyrroles and derivatives	Bilirubins				mzspec:GNPS:GNPS-LIBRARY:CCMSLIB00004691161
CCMSLIB00003138554	7243	spectra_filtered.mgf	GNPS-NIST14-MATCHES.mgf	0.719167	104721.0	0	0.194852	8	6.10352e-05	313.239	-1	temp/spectra_filtered.mgf7243	1	Spectral Match to 12,13-DiHOME from NIST14	ESI	qTof	Isolated	Data from Wiemann	Data deposited by pwiemann	M-H	313.239	314.246	1	263399355	N/A	CCCCCC(C(C/C=C\CCCCCCCC(=O)O)O)O	InChI=1S/C18H34O4/c1-2-3-10-13-16(19)17(20)14-11-8-6-4-5-7-9-12-15-18(21)22/h8,11,16-17,19-20H,2-7,9-10,12-15H2,1H3,(H,21,22)/b11-8-	N/A	3	Negative	GNPS-NIST14-MATCHES	313.239	UPDATE-SINGLE-ANNOTATED-BRONZE	Bronze		C18H34O4	CQSLTKIXAJTQGA-FLIBITNWSA-N	CQSLTKIXAJTQGA	Lipids and lipid-like molecules	Fatty Acyls	Fatty acids and conjugates	Octadecanoids	Other Octadecanoids	Fatty acids	mzspec:GNPS:GNPS-LIBRARY:CCMSLIB00003138554
CCMSLIB00005463581	4707	spectra_filtered.mgf	GNPS-MSMLS.mgf	0.714785	186347.0	0	1.44518	6	0.000274658	190.051	-1	temp/spectra_filtered.mgf4707	1	5-HYDROXYINDOLEACETATE	ESI	Orbitrap	Commercial	Dorrestein	Fernando Vargas	M-H	190.051	191.058	-1	54-16-0	na	OC(=O)CC1=CNC2=CC=C(O)C=C12	"""InChI=1S/C10H9NO3/c12-7-1-2-9-8(4-7)6(5-11-9)3-10(13)14/h1-2,4-5,11-12H,3H2,(H,13,14)"""	N/A	1	Negative	GNPS-MSMLS	190.051	UPDATE-SINGLE-ANNOTATED-GOLD	Gold		C10H9NO3	DUUGKQCEGZLZNO-UHFFFAOYSA-N	DUUGKQCEGZLZNO	Organoheterocyclic compounds	Indoles and derivatives	Indolyl carboxylic acids and derivatives	Tryptophan alkaloids	Simple indole alkaloids	Alkaloids	mzspec:GNPS:GNPS-LIBRARY:CCMSLIB00005463581
CCMSLIB00012352720	4543	spectra_filtered.mgf	MSNLIB-NEGATIVE.mgf	0.710279	253758.0	0	0.880878	6	0.000244141	277.156	-1	temp/spectra_filtered.mgf4543	1	H-LEU-PHE-OH	ESI	Orbitrap	Crude	Tomas Pluskal	Corinna Brungs	[M-H]-	277.156	278.163	1	N/A	N/A	CC(C)C[C@H](N)C(=O)N[C@@H](Cc1ccccc1)C(=O)O	InChI=1S/C15H22N2O3/c1-10(2)8-12(16)14(18)17-13(15(19)20)9-11-6-4-3-5-7-11/h3-7,10,12-13H,8-9,16H2,1-2H3,(H,17,18)(H,19,20)/t12-,13-/m0/s1	KFKWRHQBZQICHA-STQMWFEESA-N	1	Negative	MSNLIB-NEGATIVE	277.156	UPDATE-SINGLE-ANNOTATED-GOLD	Gold		C15H22N2O3	KFKWRHQBZQICHA-STQMWFEESA-N	KFKWRHQBZQICHA	Organic acids and derivatives	Carboxylic acids and derivatives	Amino acids, peptides, and analogues	Small peptides	Dipeptides	Amino acids and Peptides	mzspec:GNPS:GNPS-LIBRARY:CCMSLIB00012352720
CCMSLIB00004700117	9570	spectra_filtered.mgf	MONA.mgf	0.70774	605023.0	0	56.6838	6	0.0192261	339.2	-1	temp/spectra_filtered.mgf9570	1	[5-acetyloxy-3-(hydroxymethyl)-2-oxo-6-propan-2-ylcyclohex-3-en-1-yl] 3-methylpentanoate	N/A	ESI-QFT	isolated	MoNA	MoNA:VF-NPL-QEHF009054	[M-H]-	339.181	0.0	1	N/A	N/A	CCC(C)CC(=O)OC1C(=O)C(CO)=CC(OC(C)=O)C1C(C)C	InChI=1S/C18H28O6/c1-6-11(4)7-15(21)24-18-16(10(2)3)14(23-12(5)20)8-13(9-19)17(18)22/h8,10-11,14,16,18-19H,6-7,9H2,1-5H3	N/A	3	negative	MONA	339.181	UPDATE-SINGLE-ANNOTATED-BRONZE	Bronze		C18H28O6	MPXXSICHRNCHHK-UHFFFAOYSA-N	MPXXSICHRNCHHK	Lipids and lipid-like molecules	Prenol lipids	Monoterpenoids	Sesquiterpenoids	Germacrane sesquiterpenoids	Terpenoids	mzspec:GNPS:GNPS-LIBRARY:CCMSLIB00004700117
CCMSLIB00004721128	8561	spectra_filtered.mgf	MONA.mgf	0.706611	679366.0	0	2.63255	13	0.00140381	533.251	-1	temp/spectra_filtered.mgf8561	1	ANTIMYCIN A (A1 shown)	N/A	ESI-QFT	isolated	MoNA	MoNA:VF-NPL-QEHF027547	[M-H]-	533.25	0.0	1	N/A	N/A	CCCCC[C@H]1C(=O)O[C@H](C)[C@H](N=C(O)c2cccc(N=CO)c2O)C(=O)O[C@@H](C)[C@@H]1OC(=O)CC(C)C	InChI=1S/C27H38N2O9/c1-6-7-8-10-19-24(38-21(31)13-15(2)3)17(5)37-27(35)22(16(4)36-26(19)34)29-25(33)18-11-9-12-20(23(18)32)28-14-30/h9,11-12,14-17,19,22,24,32H,6-8,10,13H2,1-5H3,(H,28,30)(H,29,33)/t16-,17+,19-,22+,24+/m1/s1	N/A	3	negative	MONA	533.25	UPDATE-SINGLE-ANNOTATED-BRONZE	Bronze		C27H38N2O9	ZVYMCLIDNNTNCL-GFRRLMGDSA-N	ZVYMCLIDNNTNCL	Benzenoids	Benzene and substituted derivatives	Benzoic acids and derivatives	Macrolides		Polyketides	mzspec:GNPS:GNPS-LIBRARY:CCMSLIB00004721128
CCMSLIB00004683451	7070	spectra_filtered.mgf	SUMNER.mgf	0.705496	647803.0	0	7.14629	25	0.00671387	939.497	-1	temp/spectra_filtered.mgf7070	1	3-Rha(1-2)Gal(1-2)GluA-Soyasaponenol E (NMR) - 53.9815eV	LC-ESI	 impact HD	Isolated	Sumner	Sumner	M-H	939.49	0.0	1	N/A	N/A	C1[C@@H]([C@@](C2[C@](C1)(C1[C@@](CC2)([C@]2(C(=CC1)[C@H]1[C@@](CC2)(C(=O)CC(C1)(C)C)C)C)C)C)(CO)C)O[C@@H]1O[C@@H]([C@H]([C@@H]([C@H]1O[C@@H]1O[C@@H]([C@@H]([C@@H]([C@H]1O[C@@H]1O[C@H]([C@@H]([C@H]([C@H]1O)O)O)C)O)O)CO)O)O)C(=O)O	InChI=1S/C48H76O18/c1-21-29(52)31(54)35(58)40(61-21)65-37-32(55)30(53)24(19-49)62-41(37)66-38-34(57)33(56)36(39(59)60)64-42(38)63-28-12-13-45(5)25(46(28,6)20-50)11-14-48(8)26(45)10-9-22-23-17-43(2,3)18-27(51)44(23,4)15-16-47(22,48)7/h9,21,23-26,28-38,40-42,49-50,52-58H,10-20H2,1-8H3,(H,59,60)/t21-,23-,24+,25?,26?,28-,29-,30-,31+,32-,33-,34-,35+,36-,37+,38+,40-,41-,42+,44+,45-,46+,47+,48+/m0/s1	N/A	3	Negative	SUMNER	939.49	UPDATE-SINGLE-ANNOTATED-BRONZE	Bronze		C48H76O18	CROUPKILZUPLQA-SXXIBTJASA-N	CROUPKILZUPLQA	Lipids and lipid-like molecules	Prenol lipids	Terpene glycosides	Triterpenoids	Oleanane triterpenoids	Terpenoids	mzspec:GNPS:GNPS-LIBRARY:CCMSLIB00004683451
CCMSLIB00000847082	7071	spectra_filtered.mgf	GNPS-NIH-NATURALPRODUCTSLIBRARY_ROUND2_NEGATIVE.mgf	0.704074	949620.0	0	1.79606	9	0.00177002	985.503	-1	temp/spectra_filtered.mgf7071	1	NCGC00380269-01!6-[(8a-carboxy-4,4,6a,6b,11,11,14b-heptamethyl-1,2,3,4a,5,6,7,8,9,10,12,12a,14,14a-tetradecahydropicen-3-yl)oxy]-5-[3,5-dihydroxy-6-(hydroxymethyl)-4-(3,4,5-trihydroxy-6-methyloxan-2-yl)oxyoxan-2-yl]oxy-3,4-dihydroxyoxane-2-carboxylic acid	LC-ESI	Maxis II HD Q-TOF Bruker	isolated	Jadhav/Dorrestein	lfnothias	M+FA-H	985.501	940.503	1	n/a	n/a	CC1OC(OC2C(O)C(CO)OC(OC3C(O)C(O)C(OC3OC4CCC5(C)C(CCC6(C)C5CC=C7C8CC(C)(C)CCC8(CCC67C)C(O)=O)C4(C)C)C(O)=O)C2O)C(O)C(O)C1O	InChI=1S/C48H76O18/c1-21-28(50)30(52)33(55)39(61-21)64-35-29(51)24(20-49)62-40(34(35)56)66-37-32(54)31(53)36(38(57)58)65-41(37)63-27-12-13-45(6)25(44(27,4)5)11-14-47(8)26(45)10-9-22-23-19-43(2,3)15-17-48(23,42(59)60)18-16-46(22,47)7/h9,21,23-37,39-41,49-56H,10-20H2,1-8H3,(H,57,58)(H,59,60)	N/A	1	negative	GNPS-NIH-NATURALPRODUCTSLIBRARY_ROUND2_NEGATIVE	985.501	UPDATE-SINGLE-ANNOTATED-GOLD	Gold		C48H76O18	LHVARDGCCWIXJA-UHFFFAOYSA-N	LHVARDGCCWIXJA	Lipids and lipid-like molecules	Prenol lipids	Terpene glycosides	Triterpenoids	Oleanane triterpenoids	Terpenoids	mzspec:GNPS:GNPS-LIBRARY:CCMSLIB00000847082
